Workbook

Sheet Data
D1: {=INDEX(довід_обладнання!$B:$B,MATCH(D2,довід_обладнання!$A:$A,0),)} -> Гриль | E1: {=INDEX(довід_обладнання!$B:$B,MATCH(E2,довід_обладнання!$A:$A,0),)} -> Стрит-Фуд | F1: {=INDEX(довід_обладнання!$B:$B,MATCH(F2,довід_обладнання!$A:$A,0),)} -> 0 | G1: {=INDEX(довід_обладнання!$B:$B,MATCH(G2,довід_обладнання!$A:$A,0),)} -> 0 | H1: {=INDEX(довід_обладнання!$B:$B,MATCH(H2,довід_обладнання!$A:$A,0),)} -> Гриль | I1: {=INDEX(довід_обладнання!$B:$B,MATCH(I2,довід_обладнання!$A:$A,0),)} -> Гриль | J1: {=INDEX(довід_обладнання!$B:$B,MATCH(J2,довід_обладнання!$A:$A,0),)} -> Допёк | K1: {=INDEX(довід_обладнання!$B:$B,MATCH(K2,довід_обладнання!$A:$A,0),)} -> Гриль | ... AF1: {=INDEX(довід_обладнання!$B:$B,MATCH(AF2,довід_обладнання!$A:$A,0),)} -> Пиццерия
A2: Дата | B2: Час | C2: Магазин | D2: Витяжка ПКВ | E2: Гриль шаурма | F2: Ел. плита | G2: Модульна піч | H2: ПКВ | I2: ПКВ гриль | J2: ПКВ допік | K2: ПКВ копчення | L2: ПКВ піч | M2: Піч Піца1 | N2: Піч піца | O2: Піч піца1 | P2: Піч піца2 | Q2: Розстоєчна шафа | R2: Ротаційна піч | S2: Тензометрія ПКВ | T2: Тензометрія ПКВ гриль | U2: Тензометрія ПКВ допік | V2: Тензометрія ПКВ копчення | W2: Тензометрія Теплова вітрина | X2: Тензометрія Теплова вітрина1 | Y2: Тензометрія Теплова вітрина2 | Z2: Теплова вітрина | AA2: Теплова вітрина 1 | AB2: Теплова вітрина1 | AC2: Теплова вітрина2 | AD2: ЩС Піца | AE2: ЩС пекарня | AF2: ЩС піца | AG2: Filid | AH2: year | AI2: month | AJ2: Пиццерия | AK2: Гриль | AL2: Стрит-Фуд | AM2: Допёк | AN2: Пекарня
A3: 45717.25 | B3: 45717.25 | C3: 001, Київ, Йорданська 20 | H3: 204.032 | J3: 893.794 | AB3: 588.505 | AG3: {=INDEX(tex!C:C,MATCH(C3,tex!B:B,0),)} -> 47 | AH3: =YEAR(A3) -> 2025 | AI3: =MONTH(A3) -> 3 | AJ3: =SUMIFS($D3:$AF3,$D$1:$AF$1,AJ$2) -> 588.505 | AK3: =SUMIFS($D3:$AF3,$D$1:$AF$1,AK$2) -> 204.032 | AL3: =SUMIFS($D3:$AF3,$D$1:$AF$1,AL$2) -> 0 | AM3: =SUMIFS($D3:$AF3,$D$1:$AF$1,AM$2) -> 893.794 | AN3: =SUMIFS($D3:$AF3,$D$1:$AF$1,AN$2) -> 0
A4: 45717.25 | B4: 45717.25 | C4: 002, Київ, пр. Ак.Вернадського 16 | J4: 244.626 | AF4: 1409.811 | AG4: {=INDEX(tex!C:C,MATCH(C4,tex!B:B,0),)} -> 48 | AH4: =YEAR(A4) -> 2025 | AI4: =MONTH(A4) -> 3 | AJ4: =SUMIFS($D4:$AF4,$D$1:$AF$1,AJ$2) -> 1409.811 | AK4: =SUMIFS($D4:$AF4,$D$1:$AF$1,AK$2) -> 0 | AL4: =SUMIFS($D4:$AF4,$D$1:$AF$1,AL$2) -> 0 | AM4: =SUMIFS($D4:$AF4,$D$1:$AF$1,AM$2) -> 244.626 | AN4: =SUMIFS($D4:$AF4,$D$1:$AF$1,AN$2) -> 0
A5: 45717.25 | B5: 45717.25 | C5: 003, Київ, Шолуденка 16 | AF5: 1096.908 | AG5: {=INDEX(tex!C:C,MATCH(C5,tex!B:B,0),)} -> 92 | AH5: =YEAR(A5) -> 2025 | AI5: =MONTH(A5) -> 3 | AJ5: =SUMIFS($D5:$AF5,$D$1:$AF$1,AJ$2) -> 1096.908 | AK5: =SUMIFS($D5:$AF5,$D$1:$AF$1,AK$2) -> 0 | AL5: =SUMIFS($D5:$AF5,$D$1:$AF$1,AL$2) -> 0 | AM5: =SUMIFS($D5:$AF5,$D$1:$AF$1,AM$2) -> 0 | AN5: =SUMIFS($D5:$AF5,$D$1:$AF$1,AN$2) -> 0
A6: 45717.25 | B6: 45717.25 | C6: 005, Київ, Воскресенський пр-т, 20 | H6: 836.931 | J6: 1119.811 | AB6: 521.54 | AC6: 268.049 | AF6: 3382.601 | AG6: {=INDEX(tex!C:C,MATCH(C6,tex!B:B,0),)} -> 21 | AH6: =YEAR(A6) -> 2025 | AI6: =MONTH(A6) -> 3 | AJ6: =SUMIFS($D6:$AF6,$D$1:$AF$1,AJ$2) -> 3904.141 | AK6: =SUMIFS($D6:$AF6,$D$1:$AF$1,AK$2) -> 1104.98 | AL6: =SUMIFS($D6:$AF6,$D$1:$AF$1,AL$2) -> 0 | AM6: =SUMIFS($D6:$AF6,$D$1:$AF$1,AM$2) -> 1119.811 | AN6: =SUMIFS($D6:$AF6,$D$1:$AF$1,AN$2) -> 0
A7: 45717.25 | B7: 45717.25 | C7: 007, Київ, Будівельників 29 | H7: 384.792 | AB7: 263.266 | AF7: 2059.552 | AG7: {=INDEX(tex!C:C,MATCH(C7,tex!B:B,0),)} -> 112 | AH7: =YEAR(A7) -> 2025 | AI7: =MONTH(A7) -> 3 | AJ7: =SUMIFS($D7:$AF7,$D$1:$AF$1,AJ$2) -> 2322.818 | AK7: =SUMIFS($D7:$AF7,$D$1:$AF$1,AK$2) -> 384.792 | AL7: =SUMIFS($D7:$AF7,$D$1:$AF$1,AL$2) -> 0 | AM7: =SUMIFS($D7:$AF7,$D$1:$AF$1,AM$2) -> 0 | AN7: =SUMIFS($D7:$AF7,$D$1:$AF$1,AN$2) -> 0
A8: 45717.25 | B8: 45717.25 | C8: 008, Київ, Котляревського бул 2 | AG8: {=INDEX(tex!C:C,MATCH(C8,tex!B:B,0),)} -> 113 | AH8: =YEAR(A8) -> 2025 | AI8: =MONTH(A8) -> 3 | AJ8: =SUMIFS($D8:$AF8,$D$1:$AF$1,AJ$2) -> 0 | AK8: =SUMIFS($D8:$AF8,$D$1:$AF$1,AK$2) -> 0 | AL8: =SUMIFS($D8:$AF8,$D$1:$AF$1,AL$2) -> 0 | AM8: =SUMIFS($D8:$AF8,$D$1:$AF$1,AM$2) -> 0 | AN8: =SUMIFS($D8:$AF8,$D$1:$AF$1,AN$2) -> 0
A9: 45717.25 | B9: 45717.25 | C9: 010, Київ, Малишка 15 | J9: 1116.209 | AG9: {=INDEX(tex!C:C,MATCH(C9,tex!B:B,0),)} -> 117 | AH9: =YEAR(A9) -> 2025 | AI9: =MONTH(A9) -> 3 | AJ9: =SUMIFS($D9:$AF9,$D$1:$AF$1,AJ$2) -> 0 | AK9: =SUMIFS($D9:$AF9,$D$1:$AF$1,AK$2) -> 0 | AL9: =SUMIFS($D9:$AF9,$D$1:$AF$1,AL$2) -> 0 | AM9: =SUMIFS($D9:$AF9,$D$1:$AF$1,AM$2) -> 1116.209 | AN9: =SUMIFS($D9:$AF9,$D$1:$AF$1,AN$2) -> 0
A10: 45717.25 | B10: 45717.25 | C10: 011, Київ, Харківське шосе 9 | AG10: {=INDEX(tex!C:C,MATCH(C10,tex!B:B,0),)} -> 118 | AH10: =YEAR(A10) -> 2025 | AI10: =MONTH(A10) -> 3 | AJ10: =SUMIFS($D10:$AF10,$D$1:$AF$1,AJ$2) -> 0 | AK10: =SUMIFS($D10:$AF10,$D$1:$AF$1,AK$2) -> 0 | AL10: =SUMIFS($D10:$AF10,$D$1:$AF$1,AL$2) -> 0 | AM10: =SUMIFS($D10:$AF10,$D$1:$AF$1,AM$2) -> 0 | AN10: =SUMIFS($D10:$AF10,$D$1:$AF$1,AN$2) -> 0
A11: 45717.25 | B11: 45717.25 | C11: 013, Київ, Л.Каденюка пр 2/35 | AG11: {=INDEX(tex!C:C,MATCH(C11,tex!B:B,0),)} -> 123 | AH11: =YEAR(A11) -> 2025 | AI11: =MONTH(A11) -> 3 | AJ11: =SUMIFS($D11:$AF11,$D$1:$AF$1,AJ$2) -> 0 | AK11: =SUMIFS($D11:$AF11,$D$1:$AF$1,AK$2) -> 0 | AL11: =SUMIFS($D11:$AF11,$D$1:$AF$1,AL$2) -> 0 | AM11: =SUMIFS($D11:$AF11,$D$1:$AF$1,AM$2) -> 0 | AN11: =SUMIFS($D11:$AF11,$D$1:$AF$1,AN$2) -> 0
A12: 45717.25 | B12: 45717.25 | C12: 015, Київ, Гродненська 1/35 | AG12: {=INDEX(tex!C:C,MATCH(C12,tex!B:B,0),)} -> 131 | AH12: =YEAR(A12) -> 2025 | AI12: =MONTH(A12) -> 3 | AJ12: =SUMIFS($D12:$AF12,$D$1:$AF$1,AJ$2) -> 0 | AK12: =SUMIFS($D12:$AF12,$D$1:$AF$1,AK$2) -> 0 | AL12: =SUMIFS($D12:$AF12,$D$1:$AF$1,AL$2) -> 0 | AM12: =SUMIFS($D12:$AF12,$D$1:$AF$1,AM$2) -> 0 | AN12: =SUMIFS($D12:$AF12,$D$1:$AF$1,AN$2) -> 0
A13: 45717.25 | B13: 45717.25 | C13: 017, Київ, Миропільська 1 | AG13: {=INDEX(tex!C:C,MATCH(C13,tex!B:B,0),)} -> 149 | AH13: =YEAR(A13) -> 2025 | AI13: =MONTH(A13) -> 3 | AJ13: =SUMIFS($D13:$AF13,$D$1:$AF$1,AJ$2) -> 0 | AK13: =SUMIFS($D13:$AF13,$D$1:$AF$1,AK$2) -> 0 | AL13: =SUMIFS($D13:$AF13,$D$1:$AF$1,AL$2) -> 0 | AM13: =SUMIFS($D13:$AF13,$D$1:$AF$1,AM$2) -> 0 | AN13: =SUMIFS($D13:$AF13,$D$1:$AF$1,AN$2) -> 0
A14: 45717.25 | B14: 45717.25 | C14: 018, Київ, Голосіївський пр-т 104 | H14: 9.852 | J14: 689.354 | AB14: 480.286 | AG14: {=INDEX(tex!C:C,MATCH(C14,tex!B:B,0),)} -> 148 | AH14: =YEAR(A14) -> 2025 | AI14: =MONTH(A14) -> 3 | AJ14: =SUMIFS($D14:$AF14,$D$1:$AF$1,AJ$2) -> 480.286 | AK14: =SUMIFS($D14:$AF14,$D$1:$AF$1,AK$2) -> 9.852 | AL14: =SUMIFS($D14:$AF14,$D$1:$AF$1,AL$2) -> 0 | AM14: =SUMIFS($D14:$AF14,$D$1:$AF$1,AM$2) -> 689.354 | AN14: =SUMIFS($D14:$AF14,$D$1:$AF$1,AN$2) -> 0
A15: 45717.25 | B15: 45717.25 | C15: 019, Київ, бул. Верховної Ради 27 | AG15: {=INDEX(tex!C:C,MATCH(C15,tex!B:B,0),)} -> 285 | AH15: =YEAR(A15) -> 2025 | AI15: =MONTH(A15) -> 3 | AJ15: =SUMIFS($D15:$AF15,$D$1:$AF$1,AJ$2) -> 0 | AK15: =SUMIFS($D15:$AF15,$D$1:$AF$1,AK$2) -> 0 | AL15: =SUMIFS($D15:$AF15,$D$1:$AF$1,AL$2) -> 0 | AM15: =SUMIFS($D15:$AF15,$D$1:$AF$1,AM$2) -> 0 | AN15: =SUMIFS($D15:$AF15,$D$1:$AF$1,AN$2) -> 0
A16: 45717.25 | B16: 45717.25 | C16: 020, Київ, Левицького 5 | H16: 679.634 | J16: 572.287 | AB16: 321.349 | AF16: 1802.488 | AG16: {=INDEX(tex!C:C,MATCH(C16,tex!B:B,0),)} -> 162 | AH16: =YEAR(A16) -> 2025 | AI16: =MONTH(A16) -> 3 | AJ16: =SUMIFS($D16:$AF16,$D$1:$AF$1,AJ$2) -> 2123.837 | AK16: =SUMIFS($D16:$AF16,$D$1:$AF$1,AK$2) -> 679.634 | AL16: =SUMIFS($D16:$AF16,$D$1:$AF$1,AL$2) -> 0 | AM16: =SUMIFS($D16:$AF16,$D$1:$AF$1,AM$2) -> 572.287 | AN16: =SUMIFS($D16:$AF16,$D$1:$AF$1,AN$2) -> 0
A17: 45717.25 | B17: 45717.25 | C17: 021, Київ, Воскресенський пр-т, 23-Б | H17: 779.317 | AB17: 291.78 | AG17: {=INDEX(tex!C:C,MATCH(C17,tex!B:B,0),)} -> 287 | AH17: =YEAR(A17) -> 2025 | AI17: =MONTH(A17) -> 3 | AJ17: =SUMIFS($D17:$AF17,$D$1:$AF$1,AJ$2) -> 291.78 | AK17: =SUMIFS($D17:$AF17,$D$1:$AF$1,AK$2) -> 779.317 | AL17: =SUMIFS($D17:$AF17,$D$1:$AF$1,AL$2) -> 0 | AM17: =SUMIFS($D17:$AF17,$D$1:$AF$1,AM$2) -> 0 | AN17: =SUMIFS($D17:$AF17,$D$1:$AF$1,AN$2) -> 0
A18: 45717.25 | B18: 45717.25 | C18: 022, Київ, Воскресенський пр-т 14 | J18: 1176.413 | AG18: {=INDEX(tex!C:C,MATCH(C18,tex!B:B,0),)} -> 169 | AH18: =YEAR(A18) -> 2025 | AI18: =MONTH(A18) -> 3 | AJ18: =SUMIFS($D18:$AF18,$D$1:$AF$1,AJ$2) -> 0 | AK18: =SUMIFS($D18:$AF18,$D$1:$AF$1,AK$2) -> 0 | AL18: =SUMIFS($D18:$AF18,$D$1:$AF$1,AL$2) -> 0 | AM18: =SUMIFS($D18:$AF18,$D$1:$AF$1,AM$2) -> 1176.413 | AN18: =SUMIFS($D18:$AF18,$D$1:$AF$1,AN$2) -> 0
A19: 45717.25 | B19: 45717.25 | C19: 023, Київ, бул. Верховної Ради 17 | AB19: 53.173 | AG19: {=INDEX(tex!C:C,MATCH(C19,tex!B:B,0),)} -> 286 | AH19: =YEAR(A19) -> 2025 | AI19: =MONTH(A19) -> 3 | AJ19: =SUMIFS($D19:$AF19,$D$1:$AF$1,AJ$2) -> 53.173 | AK19: =SUMIFS($D19:$AF19,$D$1:$AF$1,AK$2) -> 0 | AL19: =SUMIFS($D19:$AF19,$D$1:$AF$1,AL$2) -> 0 | AM19: =SUMIFS($D19:$AF19,$D$1:$AF$1,AM$2) -> 0 | AN19: =SUMIFS($D19:$AF19,$D$1:$AF$1,AN$2) -> 0
A20: 45717.25 | B20: 45717.25 | C20: 027, Київ, Павла Вірського б-р 6А | H20: 649.911 | J20: 722.242 | AB20: 232.44 | AF20: 3187.954 | AG20: {=INDEX(tex!C:C,MATCH(C20,tex!B:B,0),)} -> 189 | AH20: =YEAR(A20) -> 2025 | AI20: =MONTH(A20) -> 3 | AJ20: =SUMIFS($D20:$AF20,$D$1:$AF$1,AJ$2) -> 3420.394 | AK20: =SUMIFS($D20:$AF20,$D$1:$AF$1,AK$2) -> 649.911 | AL20: =SUMIFS($D20:$AF20,$D$1:$AF$1,AL$2) -> 0 | AM20: =SUMIFS($D20:$AF20,$D$1:$AF$1,AM$2) -> 722.242 | AN20: =SUMIFS($D20:$AF20,$D$1:$AF$1,AN$2) -> 0
A21: 45717.25 | B21: 45717.25 | C21: 028, Київ, Голосіївський пр-т, 118 | H21: 988.453 | J21: 650.15 | O21: 1124.525 | AB21: 397.384 | AF21: 2171.468 | AG21: {=INDEX(tex!C:C,MATCH(C21,tex!B:B,0),)} -> 199 | AH21: =YEAR(A21) -> 2025 | AI21: =MONTH(A21) -> 3 | AJ21: =SUMIFS($D21:$AF21,$D$1:$AF$1,AJ$2) -> 3693.377 | AK21: =SUMIFS($D21:$AF21,$D$1:$AF$1,AK$2) -> 988.453 | AL21: =SUMIFS($D21:$AF21,$D$1:$AF$1,AL$2) -> 0 | AM21: =SUMIFS($D21:$AF21,$D$1:$AF$1,AM$2) -> 650.15 | AN21: =SUMIFS($D21:$AF21,$D$1:$AF$1,AN$2) -> 0
A22: 45717.25 | B22: 45717.25 | C22: 033, Київ, Зодчих 52 | J22: 1191.128 | AB22: 558.036 | AG22: {=INDEX(tex!C:C,MATCH(C22,tex!B:B,0),)} -> 239 | AH22: =YEAR(A22) -> 2025 | AI22: =MONTH(A22) -> 3 | AJ22: =SUMIFS($D22:$AF22,$D$1:$AF$1,AJ$2) -> 558.036 | AK22: =SUMIFS($D22:$AF22,$D$1:$AF$1,AK$2) -> 0 | AL22: =SUMIFS($D22:$AF22,$D$1:$AF$1,AL$2) -> 0 | AM22: =SUMIFS($D22:$AF22,$D$1:$AF$1,AM$2) -> 1191.128 | AN22: =SUMIFS($D22:$AF22,$D$1:$AF$1,AN$2) -> 0
A23: 45717.25 | B23: 45717.25 | C23: 039, Київ, Горлівська 124/143 | AG23: {=INDEX(tex!C:C,MATCH(C23,tex!B:B,0),)} -> 258 | AH23: =YEAR(A23) -> 2025 | AI23: =MONTH(A23) -> 3 | AJ23: =SUMIFS($D23:$AF23,$D$1:$AF$1,AJ$2) -> 0 | AK23: =SUMIFS($D23:$AF23,$D$1:$AF$1,AK$2) -> 0 | AL23: =SUMIFS($D23:$AF23,$D$1:$AF$1,AL$2) -> 0 | AM23: =SUMIFS($D23:$AF23,$D$1:$AF$1,AM$2) -> 0 | AN23: =SUMIFS($D23:$AF23,$D$1:$AF$1,AN$2) -> 0
A24: 45717.25 | B24: 45717.25 | C24: 041, Київ, Бажана 30 | AG24: {=INDEX(tex!C:C,MATCH(C24,tex!B:B,0),)} -> 260 | AH24: =YEAR(A24) -> 2025 | AI24: =MONTH(A24) -> 3 | AJ24: =SUMIFS($D24:$AF24,$D$1:$AF$1,AJ$2) -> 0 | AK24: =SUMIFS($D24:$AF24,$D$1:$AF$1,AK$2) -> 0 | AL24: =SUMIFS($D24:$AF24,$D$1:$AF$1,AL$2) -> 0 | AM24: =SUMIFS($D24:$AF24,$D$1:$AF$1,AM$2) -> 0 | AN24: =SUMIFS($D24:$AF24,$D$1:$AF$1,AN$2) -> 0
A25: 45717.25 | B25: 45717.25 | C25: 042, Київ, Воскресенський пр-т, 44 | AF25: 1355.298 | AG25: {=INDEX(tex!C:C,MATCH(C25,tex!B:B,0),)} -> 282 | AH25: =YEAR(A25) -> 2025 | AI25: =MONTH(A25) -> 3 | AJ25: =SUMIFS($D25:$AF25,$D$1:$AF$1,AJ$2) -> 1355.298 | AK25: =SUMIFS($D25:$AF25,$D$1:$AF$1,AK$2) -> 0 | AL25: =SUMIFS($D25:$AF25,$D$1:$AF$1,AL$2) -> 0 | AM25: =SUMIFS($D25:$AF25,$D$1:$AF$1,AM$2) -> 0 | AN25: =SUMIFS($D25:$AF25,$D$1:$AF$1,AN$2) -> 0
A26: 45717.25 | B26: 45717.25 | C26: 046, Бровари, Броварської сотні 12 | AG26: {=INDEX(tex!C:C,MATCH(C26,tex!B:B,0),)} -> 295 | AH26: =YEAR(A26) -> 2025 | AI26: =MONTH(A26) -> 3 | AJ26: =SUMIFS($D26:$AF26,$D$1:$AF$1,AJ$2) -> 0 | AK26: =SUMIFS($D26:$AF26,$D$1:$AF$1,AK$2) -> 0 | AL26: =SUMIFS($D26:$AF26,$D$1:$AF$1,AL$2) -> 0 | AM26: =SUMIFS($D26:$AF26,$D$1:$AF$1,AM$2) -> 0 | AN26: =SUMIFS($D26:$AF26,$D$1:$AF$1,AN$2) -> 0
A27: 45717.25 | B27: 45717.25 | C27: 047, Київ, Мрії 24 | H27: 923.239 | J27: 700.718 | O27: 1201.525 | AB27: 635.376 | AG27: {=INDEX(tex!C:C,MATCH(C27,tex!B:B,0),)} -> 298 | AH27: =YEAR(A27) -> 2025 | AI27: =MONTH(A27) -> 3 | AJ27: =SUMIFS($D27:$AF27,$D$1:$AF$1,AJ$2) -> 1836.901 | AK27: =SUMIFS($D27:$AF27,$D$1:$AF$1,AK$2) -> 923.239 | AL27: =SUMIFS($D27:$AF27,$D$1:$AF$1,AL$2) -> 0 | AM27: =SUMIFS($D27:$AF27,$D$1:$AF$1,AM$2) -> 700.718 | AN27: =SUMIFS($D27:$AF27,$D$1:$AF$1,AN$2) -> 0
A28: 45717.25 | B28: 45717.25 | C28: 048, Київ, Лісовий пр. 23 | H28: 828.77 | J28: 886.551 | AB28: 387.769 | AF28: 2149.469 | AG28: {=INDEX(tex!C:C,MATCH(C28,tex!B:B,0),)} -> 294 | AH28: =YEAR(A28) -> 2025 | AI28: =MONTH(A28) -> 3 | AJ28: =SUMIFS($D28:$AF28,$D$1:$AF$1,AJ$2) -> 2537.238 | AK28: =SUMIFS($D28:$AF28,$D$1:$AF$1,AK$2) -> 828.77 | AL28: =SUMIFS($D28:$AF28,$D$1:$AF$1,AL$2) -> 0 | AM28: =SUMIFS($D28:$AF28,$D$1:$AF$1,AM$2) -> 886.551 | AN28: =SUMIFS($D28:$AF28,$D$1:$AF$1,AN$2) -> 0
A29: 45717.25 | B29: 45717.25 | C29: 049, Київ, Північна 46 | H29: 506.94 | J29: 1256.239 | AB29: 517.46 | AG29: {=INDEX(tex!C:C,MATCH(C29,tex!B:B,0),)} -> 310 | AH29: =YEAR(A29) -> 2025 | AI29: =MONTH(A29) -> 3 | AJ29: =SUMIFS($D29:$AF29,$D$1:$AF$1,AJ$2) -> 517.46 | AK29: =SUMIFS($D29:$AF29,$D$1:$AF$1,AK$2) -> 506.94 | AL29: =SUMIFS($D29:$AF29,$D$1:$AF$1,AL$2) -> 0 | AM29: =SUMIFS($D29:$AF29,$D$1:$AF$1,AM$2) -> 1256.239 | AN29: =SUMIFS($D29:$AF29,$D$1:$AF$1,AN$2) -> 0
A30: 45717.25 | B30: 45717.25 | C30: 064, Бородянка, Центральна 343 | H30: 561.09 | J30: 848.318 | AB30: 320.371 | AF30: 3199.659 | AG30: {=INDEX(tex!C:C,MATCH(C30,tex!B:B,0),)} -> 318 | AH30: =YEAR(A30) -> 2025 | AI30: =MONTH(A30) -> 3 | AJ30: =SUMIFS($D30:$AF30,$D$1:$AF$1,AJ$2) -> 3520.03 | AK30: =SUMIFS($D30:$AF30,$D$1:$AF$1,AK$2) -> 561.09 | AL30: =SUMIFS($D30:$AF30,$D$1:$AF$1,AL$2) -> 0 | AM30: =SUMIFS($D30:$AF30,$D$1:$AF$1,AM$2) -> 848.318 | AN30: =SUMIFS($D30:$AF30,$D$1:$AF$1,AN$2) -> 0
A31: 45717.25 | B31: 45717.25 | C31: 065, Київ, Драйзера 24 | H31: 682.602 | J31: 662.27 | O31: 1280.866 | AB31: 269.153 | AF31: 2184.113 | AG31: {=INDEX(tex!C:C,MATCH(C31,tex!B:B,0),)} -> 320 | AH31: =YEAR(A31) -> 2025 | AI31: =MONTH(A31) -> 3 | AJ31: =SUMIFS($D31:$AF31,$D$1:$AF$1,AJ$2) -> 3734.132 | AK31: =SUMIFS($D31:$AF31,$D$1:$AF$1,AK$2) -> 682.602 | AL31: =SUMIFS($D31:$AF31,$D$1:$AF$1,AL$2) -> 0 | AM31: =SUMIFS($D31:$AF31,$D$1:$AF$1,AM$2) -> 662.27 | AN31: =SUMIFS($D31:$AF31,$D$1:$AF$1,AN$2) -> 0
A32: 45717.25 | B32: 45717.25 | C32: 066, Київ, Іжакевича 1/24 | H32: 335.638 | AG32: {=INDEX(tex!C:C,MATCH(C32,tex!B:B,0),)} -> 321 | AH32: =YEAR(A32) -> 2025 | AI32: =MONTH(A32) -> 3 | AJ32: =SUMIFS($D32:$AF32,$D$1:$AF$1,AJ$2) -> 0 | AK32: =SUMIFS($D32:$AF32,$D$1:$AF$1,AK$2) -> 335.638 | AL32: =SUMIFS($D32:$AF32,$D$1:$AF$1,AL$2) -> 0 | AM32: =SUMIFS($D32:$AF32,$D$1:$AF$1,AM$2) -> 0 | AN32: =SUMIFS($D32:$AF32,$D$1:$AF$1,AN$2) -> 0
A33: 45717.25 | B33: 45717.25 | C33: 067, Київ, Василенко 19 | AG33: {=INDEX(tex!C:C,MATCH(C33,tex!B:B,0),)} -> 323 | AH33: =YEAR(A33) -> 2025 | AI33: =MONTH(A33) -> 3 | AJ33: =SUMIFS($D33:$AF33,$D$1:$AF$1,AJ$2) -> 0 | AK33: =SUMIFS($D33:$AF33,$D$1:$AF$1,AK$2) -> 0 | AL33: =SUMIFS($D33:$AF33,$D$1:$AF$1,AL$2) -> 0 | AM33: =SUMIFS($D33:$AF33,$D$1:$AF$1,AM$2) -> 0 | AN33: =SUMIFS($D33:$AF33,$D$1:$AF$1,AN$2) -> 0
A34: 45717.25 | B34: 45717.25 | C34: 068, Київ, Білецького 11 | AG34: {=INDEX(tex!C:C,MATCH(C34,tex!B:B,0),)} -> 429 | AH34: =YEAR(A34) -> 2025 | AI34: =MONTH(A34) -> 3 | AJ34: =SUMIFS($D34:$AF34,$D$1:$AF$1,AJ$2) -> 0 | AK34: =SUMIFS($D34:$AF34,$D$1:$AF$1,AK$2) -> 0 | AL34: =SUMIFS($D34:$AF34,$D$1:$AF$1,AL$2) -> 0 | AM34: =SUMIFS($D34:$AF34,$D$1:$AF$1,AM$2) -> 0 | AN34: =SUMIFS($D34:$AF34,$D$1:$AF$1,AN$2) -> 0
A35: 45717.25 | B35: 45717.25 | C35: 070, Київ, Ялтинська 6 | AG35: {=INDEX(tex!C:C,MATCH(C35,tex!B:B,0),)} -> 367 | AH35: =YEAR(A35) -> 2025 | AI35: =MONTH(A35) -> 3 | AJ35: =SUMIFS($D35:$AF35,$D$1:$AF$1,AJ$2) -> 0 | AK35: =SUMIFS($D35:$AF35,$D$1:$AF$1,AK$2) -> 0 | AL35: =SUMIFS($D35:$AF35,$D$1:$AF$1,AL$2) -> 0 | AM35: =SUMIFS($D35:$AF35,$D$1:$AF$1,AM$2) -> 0 | AN35: =SUMIFS($D35:$AF35,$D$1:$AF$1,AN$2) -> 0
A36: 45717.25 | B36: 45717.25 | C36: 077, Київ, Кубанської України 55 | AG36: {=INDEX(tex!C:C,MATCH(C36,tex!B:B,0),)} -> 434 | AH36: =YEAR(A36) -> 2025 | AI36: =MONTH(A36) -> 3 | AJ36: =SUMIFS($D36:$AF36,$D$1:$AF$1,AJ$2) -> 0 | AK36: =SUMIFS($D36:$AF36,$D$1:$AF$1,AK$2) -> 0 | AL36: =SUMIFS($D36:$AF36,$D$1:$AF$1,AL$2) -> 0 | AM36: =SUMIFS($D36:$AF36,$D$1:$AF$1,AM$2) -> 0 | AN36: =SUMIFS($D36:$AF36,$D$1:$AF$1,AN$2) -> 0
A37: 45717.25 | B37: 45717.25 | C37: 079, Вишневе, Освіти 2 | AG37: {=INDEX(tex!C:C,MATCH(C37,tex!B:B,0),)} -> 426 | AH37: =YEAR(A37) -> 2025 | AI37: =MONTH(A37) -> 3 | AJ37: =SUMIFS($D37:$AF37,$D$1:$AF$1,AJ$2) -> 0 | AK37: =SUMIFS($D37:$AF37,$D$1:$AF$1,AK$2) -> 0 | AL37: =SUMIFS($D37:$AF37,$D$1:$AF$1,AL$2) -> 0 | AM37: =SUMIFS($D37:$AF37,$D$1:$AF$1,AM$2) -> 0 | AN37: =SUMIFS($D37:$AF37,$D$1:$AF$1,AN$2) -> 0
A38: 45717.25 | B38: 45717.25 | C38: 081, Київ, Р.Ратушного 21а | AG38: {=INDEX(tex!C:C,MATCH(C38,tex!B:B,0),)} -> 442 | AH38: =YEAR(A38) -> 2025 | AI38: =MONTH(A38) -> 3 | AJ38: =SUMIFS($D38:$AF38,$D$1:$AF$1,AJ$2) -> 0 | AK38: =SUMIFS($D38:$AF38,$D$1:$AF$1,AK$2) -> 0 | AL38: =SUMIFS($D38:$AF38,$D$1:$AF$1,AL$2) -> 0 | AM38: =SUMIFS($D38:$AF38,$D$1:$AF$1,AM$2) -> 0 | AN38: =SUMIFS($D38:$AF38,$D$1:$AF$1,AN$2) -> 0
A39: 45717.25 | B39: 45717.25 | C39: 082, Київ, Антонова 11 | AG39: {=INDEX(tex!C:C,MATCH(C39,tex!B:B,0),)} -> 440 | AH39: =YEAR(A39) -> 2025 | AI39: =MONTH(A39) -> 3 | AJ39: =SUMIFS($D39:$AF39,$D$1:$AF$1,AJ$2) -> 0 | AK39: =SUMIFS($D39:$AF39,$D$1:$AF$1,AK$2) -> 0 | AL39: =SUMIFS($D39:$AF39,$D$1:$AF$1,AL$2) -> 0 | AM39: =SUMIFS($D39:$AF39,$D$1:$AF$1,AM$2) -> 0 | AN39: =SUMIFS($D39:$AF39,$D$1:$AF$1,AN$2) -> 0
A40: 45717.25 | B40: 45717.25 | C40: 083, Київ, Соломянська 40/4 | H40: 539.81 | J40: 621.743 | AF40: 1679.168 | AG40: {=INDEX(tex!C:C,MATCH(C40,tex!B:B,0),)} -> 444 | AH40: =YEAR(A40) -> 2025 | AI40: =MONTH(A40) -> 3 | AJ40: =SUMIFS($D40:$AF40,$D$1:$AF$1,AJ$2) -> 1679.168 | AK40: =SUMIFS($D40:$AF40,$D$1:$AF$1,AK$2) -> 539.81 | AL40: =SUMIFS($D40:$AF40,$D$1:$AF$1,AL$2) -> 0 | AM40: =SUMIFS($D40:$AF40,$D$1:$AF$1,AM$2) -> 621.743 | AN40: =SUMIFS($D40:$AF40,$D$1:$AF$1,AN$2) -> 0
A41: 45717.25 | B41: 45717.25 | C41: 084, Вишневе, М. Примаченко 7 | H41: 424.311 | J41: 858.464 | AB41: 307.594 | AG41: {=INDEX(tex!C:C,MATCH(C41,tex!B:B,0),)} -> 446 | AH41: =YEAR(A41) -> 2025 | AI41: =MONTH(A41) -> 3 | AJ41: =SUMIFS($D41:$AF41,$D$1:$AF$1,AJ$2) -> 307.594 | AK41: =SUMIFS($D41:$AF41,$D$1:$AF$1,AK$2) -> 424.311 | AL41: =SUMIFS($D41:$AF41,$D$1:$AF$1,AL$2) -> 0 | AM41: =SUMIFS($D41:$AF41,$D$1:$AF$1,AM$2) -> 858.464 | AN41: =SUMIFS($D41:$AF41,$D$1:$AF$1,AN$2) -> 0
A42: 45717.25 | B42: 45717.25 | C42: 085, Київ, Василя Іваниса 15 | H42: 246.868 | J42: 865.947 | AG42: {=INDEX(tex!C:C,MATCH(C42,tex!B:B,0),)} -> 445 | AH42: =YEAR(A42) -> 2025 | AI42: =MONTH(A42) -> 3 | AJ42: =SUMIFS($D42:$AF42,$D$1:$AF$1,AJ$2) -> 0 | AK42: =SUMIFS($D42:$AF42,$D$1:$AF$1,AK$2) -> 246.868 | AL42: =SUMIFS($D42:$AF42,$D$1:$AF$1,AL$2) -> 0 | AM42: =SUMIFS($D42:$AF42,$D$1:$AF$1,AM$2) -> 865.947 | AN42: =SUMIFS($D42:$AF42,$D$1:$AF$1,AN$2) -> 0
A43: 45717.25 | B43: 45717.25 | C43: 087, Київ, Бальзака 42/20 | AG43: {=INDEX(tex!C:C,MATCH(C43,tex!B:B,0),)} -> 459 | AH43: =YEAR(A43) -> 2025 | AI43: =MONTH(A43) -> 3 | AJ43: =SUMIFS($D43:$AF43,$D$1:$AF$1,AJ$2) -> 0 | AK43: =SUMIFS($D43:$AF43,$D$1:$AF$1,AK$2) -> 0 | AL43: =SUMIFS($D43:$AF43,$D$1:$AF$1,AL$2) -> 0 | AM43: =SUMIFS($D43:$AF43,$D$1:$AF$1,AM$2) -> 0 | AN43: =SUMIFS($D43:$AF43,$D$1:$AF$1,AN$2) -> 0
A44: 45717.25 | B44: 45717.25 | C44: 088, Київ, Татарська 3/2 | AG44: {=INDEX(tex!C:C,MATCH(C44,tex!B:B,0),)} -> 447 | AH44: =YEAR(A44) -> 2025 | AI44: =MONTH(A44) -> 3 | AJ44: =SUMIFS($D44:$AF44,$D$1:$AF$1,AJ$2) -> 0 | AK44: =SUMIFS($D44:$AF44,$D$1:$AF$1,AK$2) -> 0 | AL44: =SUMIFS($D44:$AF44,$D$1:$AF$1,AL$2) -> 0 | AM44: =SUMIFS($D44:$AF44,$D$1:$AF$1,AM$2) -> 0 | AN44: =SUMIFS($D44:$AF44,$D$1:$AF$1,AN$2) -> 0
A45: 45717.25 | B45: 45717.25 | C45: 089, Київ, пр. Відрадний 14/45 | AG45: {=INDEX(tex!C:C,MATCH(C45,tex!B:B,0),)} -> 454 | AH45: =YEAR(A45) -> 2025 | AI45: =MONTH(A45) -> 3 | AJ45: =SUMIFS($D45:$AF45,$D$1:$AF$1,AJ$2) -> 0 | AK45: =SUMIFS($D45:$AF45,$D$1:$AF$1,AK$2) -> 0 | AL45: =SUMIFS($D45:$AF45,$D$1:$AF$1,AL$2) -> 0 | AM45: =SUMIFS($D45:$AF45,$D$1:$AF$1,AM$2) -> 0 | AN45: =SUMIFS($D45:$AF45,$D$1:$AF$1,AN$2) -> 0
A46: 45717.25 | B46: 45717.25 | C46: 090, Київ, Кубанської України 47 | AG46: {=INDEX(tex!C:C,MATCH(C46,tex!B:B,0),)} -> 455 | AH46: =YEAR(A46) -> 2025 | AI46: =MONTH(A46) -> 3 | AJ46: =SUMIFS($D46:$AF46,$D$1:$AF$1,AJ$2) -> 0 | AK46: =SUMIFS($D46:$AF46,$D$1:$AF$1,AK$2) -> 0 | AL46: =SUMIFS($D46:$AF46,$D$1:$AF$1,AL$2) -> 0 | AM46: =SUMIFS($D46:$AF46,$D$1:$AF$1,AM$2) -> 0 | AN46: =SUMIFS($D46:$AF46,$D$1:$AF$1,AN$2) -> 0
A47: 45717.25 | B47: 45717.25 | C47: 091, Київ, Гавела Вацлава бул 29 | H47: 534.88 | J47: 693.186 | AF47: 1951.149 | AG47: {=INDEX(tex!C:C,MATCH(C47,tex!B:B,0),)} -> 462 | AH47: =YEAR(A47) -> 2025 | AI47: =MONTH(A47) -> 3 | AJ47: =SUMIFS($D47:$AF47,$D$1:$AF$1,AJ$2) -> 1951.149 | AK47: =SUMIFS($D47:$AF47,$D$1:$AF$1,AK$2) -> 534.88 | AL47: =SUMIFS($D47:$AF47,$D$1:$AF$1,AL$2) -> 0 | AM47: =SUMIFS($D47:$AF47,$D$1:$AF$1,AM$2) -> 693.186 | AN47: =SUMIFS($D47:$AF47,$D$1:$AF$1,AN$2) -> 0
A48: 45717.25 | B48: 45717.25 | C48: 093, Київ, Кондратюка 2 | AG48: {=INDEX(tex!C:C,MATCH(C48,tex!B:B,0),)} -> 468 | AH48: =YEAR(A48) -> 2025 | AI48: =MONTH(A48) -> 3 | AJ48: =SUMIFS($D48:$AF48,$D$1:$AF$1,AJ$2) -> 0 | AK48: =SUMIFS($D48:$AF48,$D$1:$AF$1,AK$2) -> 0 | AL48: =SUMIFS($D48:$AF48,$D$1:$AF$1,AL$2) -> 0 | AM48: =SUMIFS($D48:$AF48,$D$1:$AF$1,AM$2) -> 0 | AN48: =SUMIFS($D48:$AF48,$D$1:$AF$1,AN$2) -> 0
A49: 45717.25 | B49: 45717.25 | C49: 095, Київ, Алматинська 41 Б | AG49: {=INDEX(tex!C:C,MATCH(C49,tex!B:B,0),)} -> 478 | AH49: =YEAR(A49) -> 2025 | AI49: =MONTH(A49) -> 3 | AJ49: =SUMIFS($D49:$AF49,$D$1:$AF$1,AJ$2) -> 0 | AK49: =SUMIFS($D49:$AF49,$D$1:$AF$1,AK$2) -> 0 | AL49: =SUMIFS($D49:$AF49,$D$1:$AF$1,AL$2) -> 0 | AM49: =SUMIFS($D49:$AF49,$D$1:$AF$1,AM$2) -> 0 | AN49: =SUMIFS($D49:$AF49,$D$1:$AF$1,AN$2) -> 0
A50: 45717.25 | B50: 45717.25 | C50: 096, Ніжин, Станіслава Прощенка 12 | H50: 756.873 | I50: 556.936 | AB50: 2.681 | AG50: {=INDEX(tex!C:C,MATCH(C50,tex!B:B,0),)} -> 479 | AH50: =YEAR(A50) -> 2025 | AI50: =MONTH(A50) -> 3 | AJ50: =SUMIFS($D50:$AF50,$D$1:$AF$1,AJ$2) -> 2.681 | AK50: =SUMIFS($D50:$AF50,$D$1:$AF$1,AK$2) -> 1313.809 | AL50: =SUMIFS($D50:$AF50,$D$1:$AF$1,AL$2) -> 0 | AM50: =SUMIFS($D50:$AF50,$D$1:$AF$1,AM$2) -> 0 | AN50: =SUMIFS($D50:$AF50,$D$1:$AF$1,AN$2) -> 0
A51: 45717.25 | B51: 45717.25 | C51: 100, Борзна, Шевченка 16 | H51: 467.31 | J51: 464.335 | O51: 818.333 | AB51: 317.872 | AF51: 1384.7 | AG51: {=INDEX(tex!C:C,MATCH(C51,tex!B:B,0),)} -> 488 | AH51: =YEAR(A51) -> 2025 | AI51: =MONTH(A51) -> 3 | AJ51: =SUMIFS($D51:$AF51,$D$1:$AF$1,AJ$2) -> 2520.905 | AK51: =SUMIFS($D51:$AF51,$D$1:$AF$1,AK$2) -> 467.31 | AL51: =SUMIFS($D51:$AF51,$D$1:$AF$1,AL$2) -> 0 | AM51: =SUMIFS($D51:$AF51,$D$1:$AF$1,AM$2) -> 464.335 | AN51: =SUMIFS($D51:$AF51,$D$1:$AF$1,AN$2) -> 0
A52: 45717.25 | B52: 45717.25 | C52: 101, Кагарлик, пл. Торгівельна 6 | H52: 299.688 | J52: 1185.765 | AB52: 829.162 | AC52: 773.778 | AF52: 4606.163 | AG52: {=INDEX(tex!C:C,MATCH(C52,tex!B:B,0),)} -> 496 | AH52: =YEAR(A52) -> 2025 | AI52: =MONTH(A52) -> 3 | AJ52: =SUMIFS($D52:$AF52,$D$1:$AF$1,AJ$2) -> 5435.325 | AK52: =SUMIFS($D52:$AF52,$D$1:$AF$1,AK$2) -> 1073.466 | AL52: =SUMIFS($D52:$AF52,$D$1:$AF$1,AL$2) -> 0 | AM52: =SUMIFS($D52:$AF52,$D$1:$AF$1,AM$2) -> 1185.765 | AN52: =SUMIFS($D52:$AF52,$D$1:$AF$1,AN$2) -> 0
A53: 45717.25 | B53: 45717.25 | C53: 102, Конотоп, Лазаревського 12 | H53: 520.672 | J53: 1041.368 | O53: 244.864 | P53: 1453.517 | Q53: 0.996 | AB53: 423.948 | AF53: 6057.278 | AG53: {=INDEX(tex!C:C,MATCH(C53,tex!B:B,0),)} -> 491 | AH53: =YEAR(A53) -> 2025 | AI53: =MONTH(A53) -> 3 | AJ53: =SUMIFS($D53:$AF53,$D$1:$AF$1,AJ$2) -> 8179.607 | AK53: =SUMIFS($D53:$AF53,$D$1:$AF$1,AK$2) -> 520.672 | AL53: =SUMIFS($D53:$AF53,$D$1:$AF$1,AL$2) -> 0 | AM53: =SUMIFS($D53:$AF53,$D$1:$AF$1,AM$2) -> 1041.368 | AN53: =SUMIFS($D53:$AF53,$D$1:$AF$1,AN$2) -> 0
A54: 45717.25 | B54: 45717.25 | C54: 103, Немішаєве, Заводська 49А | AG54: {=INDEX(tex!C:C,MATCH(C54,tex!B:B,0),)} -> 493 | AH54: =YEAR(A54) -> 2025 | AI54: =MONTH(A54) -> 3 | AJ54: =SUMIFS($D54:$AF54,$D$1:$AF$1,AJ$2) -> 0 | AK54: =SUMIFS($D54:$AF54,$D$1:$AF$1,AK$2) -> 0 | AL54: =SUMIFS($D54:$AF54,$D$1:$AF$1,AL$2) -> 0 | AM54: =SUMIFS($D54:$AF54,$D$1:$AF$1,AM$2) -> 0 | AN54: =SUMIFS($D54:$AF54,$D$1:$AF$1,AN$2) -> 0
A55: 45717.25 | B55: 45717.25 | C55: 105, Київ, М.Руденка бул 7 Б | H55: 488.584 | J55: 692.335 | AG55: {=INDEX(tex!C:C,MATCH(C55,tex!B:B,0),)} -> 508 | AH55: =YEAR(A55) -> 2025 | AI55: =MONTH(A55) -> 3 | AJ55: =SUMIFS($D55:$AF55,$D$1:$AF$1,AJ$2) -> 0 | AK55: =SUMIFS($D55:$AF55,$D$1:$AF$1,AK$2) -> 488.584 | AL55: =SUMIFS($D55:$AF55,$D$1:$AF$1,AL$2) -> 0 | AM55: =SUMIFS($D55:$AF55,$D$1:$AF$1,AM$2) -> 692.335 | AN55: =SUMIFS($D55:$AF55,$D$1:$AF$1,AN$2) -> 0
A56: 45717.25 | B56: 45717.25 | C56: 106, Київ, Заболотного 48А | AG56: {=INDEX(tex!C:C,MATCH(C56,tex!B:B,0),)} -> 509 | AH56: =YEAR(A56) -> 2025 | AI56: =MONTH(A56) -> 3 | AJ56: =SUMIFS($D56:$AF56,$D$1:$AF$1,AJ$2) -> 0 | AK56: =SUMIFS($D56:$AF56,$D$1:$AF$1,AK$2) -> 0 | AL56: =SUMIFS($D56:$AF56,$D$1:$AF$1,AL$2) -> 0 | AM56: =SUMIFS($D56:$AF56,$D$1:$AF$1,AM$2) -> 0 | AN56: =SUMIFS($D56:$AF56,$D$1:$AF$1,AN$2) -> 0
A57: 45717.25 | B57: 45717.25 | C57: 108, Бориспіль, Київський шлях 100 | H57: 353.98 | J57: 702.218 | AB57: 478.354 | AE57: 3016.703 | AG57: {=INDEX(tex!C:C,MATCH(C57,tex!B:B,0),)} -> 549 | AH57: =YEAR(A57) -> 2025 | AI57: =MONTH(A57) -> 3 | AJ57: =SUMIFS($D57:$AF57,$D$1:$AF$1,AJ$2) -> 478.354 | AK57: =SUMIFS($D57:$AF57,$D$1:$AF$1,AK$2) -> 353.98 | AL57: =SUMIFS($D57:$AF57,$D$1:$AF$1,AL$2) -> 0 | AM57: =SUMIFS($D57:$AF57,$D$1:$AF$1,AM$2) -> 702.218 | AN57: =SUMIFS($D57:$AF57,$D$1:$AF$1,AN$2) -> 3016.703
A58: 45717.25 | B58: 45717.25 | C58: 109, Київ, Ак. Доброхотова 11А | AG58: {=INDEX(tex!C:C,MATCH(C58,tex!B:B,0),)} -> 555 | AH58: =YEAR(A58) -> 2025 | AI58: =MONTH(A58) -> 3 | AJ58: =SUMIFS($D58:$AF58,$D$1:$AF$1,AJ$2) -> 0 | AK58: =SUMIFS($D58:$AF58,$D$1:$AF$1,AK$2) -> 0 | AL58: =SUMIFS($D58:$AF58,$D$1:$AF$1,AL$2) -> 0 | AM58: =SUMIFS($D58:$AF58,$D$1:$AF$1,AM$2) -> 0 | AN58: =SUMIFS($D58:$AF58,$D$1:$AF$1,AN$2) -> 0
A59: 45717.25 | B59: 45717.25 | C59: 110, Бердичів, Вінницька 18 | O59: 1267.599 | AB59: 202.457 | AF59: 2116.357 | AG59: {=INDEX(tex!C:C,MATCH(C59,tex!B:B,0),)} -> 565 | AH59: =YEAR(A59) -> 2025 | AI59: =MONTH(A59) -> 3 | AJ59: =SUMIFS($D59:$AF59,$D$1:$AF$1,AJ$2) -> 3586.413 | AK59: =SUMIFS($D59:$AF59,$D$1:$AF$1,AK$2) -> 0 | AL59: =SUMIFS($D59:$AF59,$D$1:$AF$1,AL$2) -> 0 | AM59: =SUMIFS($D59:$AF59,$D$1:$AF$1,AM$2) -> 0 | AN59: =SUMIFS($D59:$AF59,$D$1:$AF$1,AN$2) -> 0
A60: 45717.25 | B60: 45717.25 | C60: 111, Рокитне, Першотравнева 11 | AG60: {=INDEX(tex!C:C,MATCH(C60,tex!B:B,0),)} -> 566 | AH60: =YEAR(A60) -> 2025 | AI60: =MONTH(A60) -> 3 | AJ60: =SUMIFS($D60:$AF60,$D$1:$AF$1,AJ$2) -> 0 | AK60: =SUMIFS($D60:$AF60,$D$1:$AF$1,AK$2) -> 0 | AL60: =SUMIFS($D60:$AF60,$D$1:$AF$1,AL$2) -> 0 | AM60: =SUMIFS($D60:$AF60,$D$1:$AF$1,AM$2) -> 0 | AN60: =SUMIFS($D60:$AF60,$D$1:$AF$1,AN$2) -> 0
A61: 45717.25 | B61: 45717.25 | C61: 114, Українка, Юності 3 | H61: 452.153 | J61: 363.44 | AG61: {=INDEX(tex!C:C,MATCH(C61,tex!B:B,0),)} -> 563 | AH61: =YEAR(A61) -> 2025 | AI61: =MONTH(A61) -> 3 | AJ61: =SUMIFS($D61:$AF61,$D$1:$AF$1,AJ$2) -> 0 | AK61: =SUMIFS($D61:$AF61,$D$1:$AF$1,AK$2) -> 452.153 | AL61: =SUMIFS($D61:$AF61,$D$1:$AF$1,AL$2) -> 0 | AM61: =SUMIFS($D61:$AF61,$D$1:$AF$1,AM$2) -> 363.44 | AN61: =SUMIFS($D61:$AF61,$D$1:$AF$1,AN$2) -> 0
A62: 45717.25 | B62: 45717.25 | C62: 115, Київ, М.Руденка бул 24 | AG62: {=INDEX(tex!C:C,MATCH(C62,tex!B:B,0),)} -> 599 | AH62: =YEAR(A62) -> 2025 | AI62: =MONTH(A62) -> 3 | AJ62: =SUMIFS($D62:$AF62,$D$1:$AF$1,AJ$2) -> 0 | AK62: =SUMIFS($D62:$AF62,$D$1:$AF$1,AK$2) -> 0 | AL62: =SUMIFS($D62:$AF62,$D$1:$AF$1,AL$2) -> 0 | AM62: =SUMIFS($D62:$AF62,$D$1:$AF$1,AM$2) -> 0 | AN62: =SUMIFS($D62:$AF62,$D$1:$AF$1,AN$2) -> 0
A63: 45717.25 | B63: 45717.25 | C63: 116, Київ, пр. Правди 94 | AG63: {=INDEX(tex!C:C,MATCH(C63,tex!B:B,0),)} -> 597 | AH63: =YEAR(A63) -> 2025 | AI63: =MONTH(A63) -> 3 | AJ63: =SUMIFS($D63:$AF63,$D$1:$AF$1,AJ$2) -> 0 | AK63: =SUMIFS($D63:$AF63,$D$1:$AF$1,AK$2) -> 0 | AL63: =SUMIFS($D63:$AF63,$D$1:$AF$1,AL$2) -> 0 | AM63: =SUMIFS($D63:$AF63,$D$1:$AF$1,AM$2) -> 0 | AN63: =SUMIFS($D63:$AF63,$D$1:$AF$1,AN$2) -> 0
A64: 45717.25 | B64: 45717.25 | C64: 117, Київ, Новомостицька 2 | H64: 410.42 | J64: 986.569 | AG64: {=INDEX(tex!C:C,MATCH(C64,tex!B:B,0),)} -> 600 | AH64: =YEAR(A64) -> 2025 | AI64: =MONTH(A64) -> 3 | AJ64: =SUMIFS($D64:$AF64,$D$1:$AF$1,AJ$2) -> 0 | AK64: =SUMIFS($D64:$AF64,$D$1:$AF$1,AK$2) -> 410.42 | AL64: =SUMIFS($D64:$AF64,$D$1:$AF$1,AL$2) -> 0 | AM64: =SUMIFS($D64:$AF64,$D$1:$AF$1,AM$2) -> 986.569 | AN64: =SUMIFS($D64:$AF64,$D$1:$AF$1,AN$2) -> 0
A65: 45717.25 | B65: 45717.25 | C65: 118, Київ, Березняківська 36А | H65: 588.942 | J65: 504.063 | AB65: 112.721 | AF65: 1936.108 | AG65: {=INDEX(tex!C:C,MATCH(C65,tex!B:B,0),)} -> 598 | AH65: =YEAR(A65) -> 2025 | AI65: =MONTH(A65) -> 3 | AJ65: =SUMIFS($D65:$AF65,$D$1:$AF$1,AJ$2) -> 2048.829 | AK65: =SUMIFS($D65:$AF65,$D$1:$AF$1,AK$2) -> 588.942 | AL65: =SUMIFS($D65:$AF65,$D$1:$AF$1,AL$2) -> 0 | AM65: =SUMIFS($D65:$AF65,$D$1:$AF$1,AM$2) -> 504.063 | AN65: =SUMIFS($D65:$AF65,$D$1:$AF$1,AN$2) -> 0
A66: 45717.25 | B66: 45717.25 | C66: 119, Київ, Харківське шосе 8 | H66: 394.05 | J66: 605.099 | AB66: 563.736 | AF66: 2375.211 | AG66: {=INDEX(tex!C:C,MATCH(C66,tex!B:B,0),)} -> 596 | AH66: =YEAR(A66) -> 2025 | AI66: =MONTH(A66) -> 3 | AJ66: =SUMIFS($D66:$AF66,$D$1:$AF$1,AJ$2) -> 2938.947 | AK66: =SUMIFS($D66:$AF66,$D$1:$AF$1,AK$2) -> 394.05 | AL66: =SUMIFS($D66:$AF66,$D$1:$AF$1,AL$2) -> 0 | AM66: =SUMIFS($D66:$AF66,$D$1:$AF$1,AM$2) -> 605.099 | AN66: =SUMIFS($D66:$AF66,$D$1:$AF$1,AN$2) -> 0
A67: 45717.25 | B67: 45717.25 | C67: 120, Київ, Берлінського 14 | AG67: {=INDEX(tex!C:C,MATCH(C67,tex!B:B,0),)} -> 608 | AH67: =YEAR(A67) -> 2025 | AI67: =MONTH(A67) -> 3 | AJ67: =SUMIFS($D67:$AF67,$D$1:$AF$1,AJ$2) -> 0 | AK67: =SUMIFS($D67:$AF67,$D$1:$AF$1,AK$2) -> 0 | AL67: =SUMIFS($D67:$AF67,$D$1:$AF$1,AL$2) -> 0 | AM67: =SUMIFS($D67:$AF67,$D$1:$AF$1,AM$2) -> 0 | AN67: =SUMIFS($D67:$AF67,$D$1:$AF$1,AN$2) -> 0
A68: 45717.25 | B68: 45717.25 | C68: 121, Київ, пр. Глушкова 31А | AG68: {=INDEX(tex!C:C,MATCH(C68,tex!B:B,0),)} -> 609 | AH68: =YEAR(A68) -> 2025 | AI68: =MONTH(A68) -> 3 | AJ68: =SUMIFS($D68:$AF68,$D$1:$AF$1,AJ$2) -> 0 | AK68: =SUMIFS($D68:$AF68,$D$1:$AF$1,AK$2) -> 0 | AL68: =SUMIFS($D68:$AF68,$D$1:$AF$1,AL$2) -> 0 | AM68: =SUMIFS($D68:$AF68,$D$1:$AF$1,AM$2) -> 0 | AN68: =SUMIFS($D68:$AF68,$D$1:$AF$1,AN$2) -> 0
A69: 45717.25 | B69: 45717.25 | C69: 124, Вишневе, Святошинська 40 | J69: 349.447 | O69: 1291.052 | AB69: 194.583 | AG69: {=INDEX(tex!C:C,MATCH(C69,tex!B:B,0),)} -> 611 | AH69: =YEAR(A69) -> 2025 | AI69: =MONTH(A69) -> 3 | AJ69: =SUMIFS($D69:$AF69,$D$1:$AF$1,AJ$2) -> 1485.635 | AK69: =SUMIFS($D69:$AF69,$D$1:$AF$1,AK$2) -> 0 | AL69: =SUMIFS($D69:$AF69,$D$1:$AF$1,AL$2) -> 0 | AM69: =SUMIFS($D69:$AF69,$D$1:$AF$1,AM$2) -> 349.447 | AN69: =SUMIFS($D69:$AF69,$D$1:$AF$1,AN$2) -> 0
A70: 45717.25 | B70: 45717.25 | C70: 126, Київ, Парково-Сирецька 12 | H70: 145.767 | J70: 1004.221 | AB70: 539.572 | AF70: 3006.614 | AG70: {=INDEX(tex!C:C,MATCH(C70,tex!B:B,0),)} -> 607 | AH70: =YEAR(A70) -> 2025 | AI70: =MONTH(A70) -> 3 | AJ70: =SUMIFS($D70:$AF70,$D$1:$AF$1,AJ$2) -> 3546.186 | AK70: =SUMIFS($D70:$AF70,$D$1:$AF$1,AK$2) -> 145.767 | AL70: =SUMIFS($D70:$AF70,$D$1:$AF$1,AL$2) -> 0 | AM70: =SUMIFS($D70:$AF70,$D$1:$AF$1,AM$2) -> 1004.221 | AN70: =SUMIFS($D70:$AF70,$D$1:$AF$1,AN$2) -> 0
A71: 45717.25 | B71: 45717.25 | C71: 127, Ніжин, Шевченка 20 | H71: 241.449 | AG71: {=INDEX(tex!C:C,MATCH(C71,tex!B:B,0),)} -> 685 | AH71: =YEAR(A71) -> 2025 | AI71: =MONTH(A71) -> 3 | AJ71: =SUMIFS($D71:$AF71,$D$1:$AF$1,AJ$2) -> 0 | AK71: =SUMIFS($D71:$AF71,$D$1:$AF$1,AK$2) -> 241.449 | AL71: =SUMIFS($D71:$AF71,$D$1:$AF$1,AL$2) -> 0 | AM71: =SUMIFS($D71:$AF71,$D$1:$AF$1,AM$2) -> 0 | AN71: =SUMIFS($D71:$AF71,$D$1:$AF$1,AN$2) -> 0
A72: 45717.25 | B72: 45717.25 | C72: 128, Київ, Вишгородська 44 | AG72: {=INDEX(tex!C:C,MATCH(C72,tex!B:B,0),)} -> 683 | AH72: =YEAR(A72) -> 2025 | AI72: =MONTH(A72) -> 3 | AJ72: =SUMIFS($D72:$AF72,$D$1:$AF$1,AJ$2) -> 0 | AK72: =SUMIFS($D72:$AF72,$D$1:$AF$1,AK$2) -> 0 | AL72: =SUMIFS($D72:$AF72,$D$1:$AF$1,AL$2) -> 0 | AM72: =SUMIFS($D72:$AF72,$D$1:$AF$1,AM$2) -> 0 | AN72: =SUMIFS($D72:$AF72,$D$1:$AF$1,AN$2) -> 0
A73: 45717.25 | B73: 45717.25 | C73: 130, Буча, Яблунська 203 Б | AG73: {=INDEX(tex!C:C,MATCH(C73,tex!B:B,0),)} -> 671 | AH73: =YEAR(A73) -> 2025 | AI73: =MONTH(A73) -> 3 | AJ73: =SUMIFS($D73:$AF73,$D$1:$AF$1,AJ$2) -> 0 | AK73: =SUMIFS($D73:$AF73,$D$1:$AF$1,AK$2) -> 0 | AL73: =SUMIFS($D73:$AF73,$D$1:$AF$1,AL$2) -> 0 | AM73: =SUMIFS($D73:$AF73,$D$1:$AF$1,AM$2) -> 0 | AN73: =SUMIFS($D73:$AF73,$D$1:$AF$1,AN$2) -> 0
A74: 45717.25 | B74: 45717.25 | C74: 131, Київ, Борщагівська 212 | AG74: {=INDEX(tex!C:C,MATCH(C74,tex!B:B,0),)} -> 682 | AH74: =YEAR(A74) -> 2025 | AI74: =MONTH(A74) -> 3 | AJ74: =SUMIFS($D74:$AF74,$D$1:$AF$1,AJ$2) -> 0 | AK74: =SUMIFS($D74:$AF74,$D$1:$AF$1,AK$2) -> 0 | AL74: =SUMIFS($D74:$AF74,$D$1:$AF$1,AL$2) -> 0 | AM74: =SUMIFS($D74:$AF74,$D$1:$AF$1,AM$2) -> 0 | AN74: =SUMIFS($D74:$AF74,$D$1:$AF$1,AN$2) -> 0
A75: 45717.25 | B75: 45717.25 | C75: 132, Узин, Івана Богуна 21 А | AG75: {=INDEX(tex!C:C,MATCH(C75,tex!B:B,0),)} -> 681 | AH75: =YEAR(A75) -> 2025 | AI75: =MONTH(A75) -> 3 | AJ75: =SUMIFS($D75:$AF75,$D$1:$AF$1,AJ$2) -> 0 | AK75: =SUMIFS($D75:$AF75,$D$1:$AF$1,AK$2) -> 0 | AL75: =SUMIFS($D75:$AF75,$D$1:$AF$1,AL$2) -> 0 | AM75: =SUMIFS($D75:$AF75,$D$1:$AF$1,AM$2) -> 0 | AN75: =SUMIFS($D75:$AF75,$D$1:$AF$1,AN$2) -> 0
A76: 45717.25 | B76: 45717.25 | C76: 133, Новосілки, Садова 6А | J76: 299.218 | AB76: 188.709 | AF76: 3118.855 | AG76: {=INDEX(tex!C:C,MATCH(C76,tex!B:B,0),)} -> 686 | AH76: =YEAR(A76) -> 2025 | AI76: =MONTH(A76) -> 3 | AJ76: =SUMIFS($D76:$AF76,$D$1:$AF$1,AJ$2) -> 3307.564 | AK76: =SUMIFS($D76:$AF76,$D$1:$AF$1,AK$2) -> 0 | AL76: =SUMIFS($D76:$AF76,$D$1:$AF$1,AL$2) -> 0 | AM76: =SUMIFS($D76:$AF76,$D$1:$AF$1,AM$2) -> 299.218 | AN76: =SUMIFS($D76:$AF76,$D$1:$AF$1,AN$2) -> 0
A77: 45717.25 | B77: 45717.25 | C77: 134, Біла Церква, Сквирське ш. 260А | H77: 1115.584 | AB77: 136.275 | AG77: {=INDEX(tex!C:C,MATCH(C77,tex!B:B,0),)} -> 688 | AH77: =YEAR(A77) -> 2025 | AI77: =MONTH(A77) -> 3 | AJ77: =SUMIFS($D77:$AF77,$D$1:$AF$1,AJ$2) -> 136.275 | AK77: =SUMIFS($D77:$AF77,$D$1:$AF$1,AK$2) -> 1115.584 | AL77: =SUMIFS($D77:$AF77,$D$1:$AF$1,AL$2) -> 0 | AM77: =SUMIFS($D77:$AF77,$D$1:$AF$1,AM$2) -> 0 | AN77: =SUMIFS($D77:$AF77,$D$1:$AF$1,AN$2) -> 0
A78: 45717.25 | B78: 45717.25 | C78: 135, Коростень, Грушевського 34 | AG78: {=INDEX(tex!C:C,MATCH(C78,tex!B:B,0),)} -> 684 | AH78: =YEAR(A78) -> 2025 | AI78: =MONTH(A78) -> 3 | AJ78: =SUMIFS($D78:$AF78,$D$1:$AF$1,AJ$2) -> 0 | AK78: =SUMIFS($D78:$AF78,$D$1:$AF$1,AK$2) -> 0 | AL78: =SUMIFS($D78:$AF78,$D$1:$AF$1,AL$2) -> 0 | AM78: =SUMIFS($D78:$AF78,$D$1:$AF$1,AM$2) -> 0 | AN78: =SUMIFS($D78:$AF78,$D$1:$AF$1,AN$2) -> 0
A79: 45717.25 | B79: 45717.25 | C79: 136, Миронівка, Бузницького 1 | AG79: {=INDEX(tex!C:C,MATCH(C79,tex!B:B,0),)} -> 687 | AH79: =YEAR(A79) -> 2025 | AI79: =MONTH(A79) -> 3 | AJ79: =SUMIFS($D79:$AF79,$D$1:$AF$1,AJ$2) -> 0 | AK79: =SUMIFS($D79:$AF79,$D$1:$AF$1,AK$2) -> 0 | AL79: =SUMIFS($D79:$AF79,$D$1:$AF$1,AL$2) -> 0 | AM79: =SUMIFS($D79:$AF79,$D$1:$AF$1,AM$2) -> 0 | AN79: =SUMIFS($D79:$AF79,$D$1:$AF$1,AN$2) -> 0
A80: 45717.25 | B80: 45717.25 | C80: 137, Бахмач, Соборності 62 Б | H80: 508.491 | AB80: 232.69 | AG80: {=INDEX(tex!C:C,MATCH(C80,tex!B:B,0),)} -> 645 | AH80: =YEAR(A80) -> 2025 | AI80: =MONTH(A80) -> 3 | AJ80: =SUMIFS($D80:$AF80,$D$1:$AF$1,AJ$2) -> 232.69 | AK80: =SUMIFS($D80:$AF80,$D$1:$AF$1,AK$2) -> 508.491 | AL80: =SUMIFS($D80:$AF80,$D$1:$AF$1,AL$2) -> 0 | AM80: =SUMIFS($D80:$AF80,$D$1:$AF$1,AM$2) -> 0 | AN80: =SUMIFS($D80:$AF80,$D$1:$AF$1,AN$2) -> 0
A81: 45717.25 | B81: 45717.25 | C81: 142, Бердичів, Привокзальна 1А | J81: 627.672 | AB81: 249.22 | AG81: {=INDEX(tex!C:C,MATCH(C81,tex!B:B,0),)} -> 691 | AH81: =YEAR(A81) -> 2025 | AI81: =MONTH(A81) -> 3 | AJ81: =SUMIFS($D81:$AF81,$D$1:$AF$1,AJ$2) -> 249.22 | AK81: =SUMIFS($D81:$AF81,$D$1:$AF$1,AK$2) -> 0 | AL81: =SUMIFS($D81:$AF81,$D$1:$AF$1,AL$2) -> 0 | AM81: =SUMIFS($D81:$AF81,$D$1:$AF$1,AM$2) -> 627.672 | AN81: =SUMIFS($D81:$AF81,$D$1:$AF$1,AN$2) -> 0
A82: 45717.25 | B82: 45717.25 | C82: 154, Київ, Кустанайська 10 | AG82: {=INDEX(tex!C:C,MATCH(C82,tex!B:B,0),)} -> 745 | AH82: =YEAR(A82) -> 2025 | AI82: =MONTH(A82) -> 3 | AJ82: =SUMIFS($D82:$AF82,$D$1:$AF$1,AJ$2) -> 0 | AK82: =SUMIFS($D82:$AF82,$D$1:$AF$1,AK$2) -> 0 | AL82: =SUMIFS($D82:$AF82,$D$1:$AF$1,AL$2) -> 0 | AM82: =SUMIFS($D82:$AF82,$D$1:$AF$1,AM$2) -> 0 | AN82: =SUMIFS($D82:$AF82,$D$1:$AF$1,AN$2) -> 0
A83: 45717.25 | B83: 45717.25 | C83: 156, Бахмач, Ярослава Мудрого 24 | H83: 540.523 | AB83: 268.581 | AG83: {=INDEX(tex!C:C,MATCH(C83,tex!B:B,0),)} -> 744 | AH83: =YEAR(A83) -> 2025 | AI83: =MONTH(A83) -> 3 | AJ83: =SUMIFS($D83:$AF83,$D$1:$AF$1,AJ$2) -> 268.581 | AK83: =SUMIFS($D83:$AF83,$D$1:$AF$1,AK$2) -> 540.523 | AL83: =SUMIFS($D83:$AF83,$D$1:$AF$1,AL$2) -> 0 | AM83: =SUMIFS($D83:$AF83,$D$1:$AF$1,AM$2) -> 0 | AN83: =SUMIFS($D83:$AF83,$D$1:$AF$1,AN$2) -> 0
A84: 45717.25 | B84: 45717.25 | C84: 158, Київ, Ірини Бекешкіної 12 | J84: 812.309 | AG84: {=INDEX(tex!C:C,MATCH(C84,tex!B:B,0),)} -> 740 | AH84: =YEAR(A84) -> 2025 | AI84: =MONTH(A84) -> 3 | AJ84: =SUMIFS($D84:$AF84,$D$1:$AF$1,AJ$2) -> 0 | AK84: =SUMIFS($D84:$AF84,$D$1:$AF$1,AK$2) -> 0 | AL84: =SUMIFS($D84:$AF84,$D$1:$AF$1,AL$2) -> 0 | AM84: =SUMIFS($D84:$AF84,$D$1:$AF$1,AM$2) -> 812.309 | AN84: =SUMIFS($D84:$AF84,$D$1:$AF$1,AN$2) -> 0
A85: 45717.25 | B85: 45717.25 | C85: 159, Звягель, Київська 6 | H85: 346.831 | J85: 561.948 | O85: 229.614 | AB85: 272.299 | AF85: 2272.854 | AG85: {=INDEX(tex!C:C,MATCH(C85,tex!B:B,0),)} -> 860 | AH85: =YEAR(A85) -> 2025 | AI85: =MONTH(A85) -> 3 | AJ85: =SUMIFS($D85:$AF85,$D$1:$AF$1,AJ$2) -> 2774.767 | AK85: =SUMIFS($D85:$AF85,$D$1:$AF$1,AK$2) -> 346.831 | AL85: =SUMIFS($D85:$AF85,$D$1:$AF$1,AL$2) -> 0 | AM85: =SUMIFS($D85:$AF85,$D$1:$AF$1,AM$2) -> 561.948 | AN85: =SUMIFS($D85:$AF85,$D$1:$AF$1,AN$2) -> 0
A86: 45717.25 | B86: 45717.25 | C86: 160, Звягель, Д.Герасимчука 1 | H86: 135.515 | J86: 804.338 | AB86: 325.589 | AG86: {=INDEX(tex!C:C,MATCH(C86,tex!B:B,0),)} -> 859 | AH86: =YEAR(A86) -> 2025 | AI86: =MONTH(A86) -> 3 | AJ86: =SUMIFS($D86:$AF86,$D$1:$AF$1,AJ$2) -> 325.589 | AK86: =SUMIFS($D86:$AF86,$D$1:$AF$1,AK$2) -> 135.515 | AL86: =SUMIFS($D86:$AF86,$D$1:$AF$1,AL$2) -> 0 | AM86: =SUMIFS($D86:$AF86,$D$1:$AF$1,AM$2) -> 804.338 | AN86: =SUMIFS($D86:$AF86,$D$1:$AF$1,AN$2) -> 0
A87: 45717.25 | B87: 45717.25 | C87: 164, Київ, Гавела Вацлава бул 83 | AF87: 1640.972 | AG87: {=INDEX(tex!C:C,MATCH(C87,tex!B:B,0),)} -> 942 | AH87: =YEAR(A87) -> 2025 | AI87: =MONTH(A87) -> 3 | AJ87: =SUMIFS($D87:$AF87,$D$1:$AF$1,AJ$2) -> 1640.972 | AK87: =SUMIFS($D87:$AF87,$D$1:$AF$1,AK$2) -> 0 | AL87: =SUMIFS($D87:$AF87,$D$1:$AF$1,AL$2) -> 0 | AM87: =SUMIFS($D87:$AF87,$D$1:$AF$1,AM$2) -> 0 | AN87: =SUMIFS($D87:$AF87,$D$1:$AF$1,AN$2) -> 0
A88: 45717.25 | B88: 45717.25 | C88: 165, Київ, Жуля Верна бул 7 | AG88: {=INDEX(tex!C:C,MATCH(C88,tex!B:B,0),)} -> 954 | AH88: =YEAR(A88) -> 2025 | AI88: =MONTH(A88) -> 3 | AJ88: =SUMIFS($D88:$AF88,$D$1:$AF$1,AJ$2) -> 0 | AK88: =SUMIFS($D88:$AF88,$D$1:$AF$1,AK$2) -> 0 | AL88: =SUMIFS($D88:$AF88,$D$1:$AF$1,AL$2) -> 0 | AM88: =SUMIFS($D88:$AF88,$D$1:$AF$1,AM$2) -> 0 | AN88: =SUMIFS($D88:$AF88,$D$1:$AF$1,AN$2) -> 0
A89: 45717.25 | B89: 45717.25 | C89: 178, Калинівка, Центральна 78а | H89: 152.515 | J89: 330.596 | N89: 377.085 | AB89: 48.644 | AF89: 1149.395 | AG89: {=INDEX(tex!C:C,MATCH(C89,tex!B:B,0),)} -> 988 | AH89: =YEAR(A89) -> 2025 | AI89: =MONTH(A89) -> 3 | AJ89: =SUMIFS($D89:$AF89,$D$1:$AF$1,AJ$2) -> 1575.124 | AK89: =SUMIFS($D89:$AF89,$D$1:$AF$1,AK$2) -> 152.515 | AL89: =SUMIFS($D89:$AF89,$D$1:$AF$1,AL$2) -> 0 | AM89: =SUMIFS($D89:$AF89,$D$1:$AF$1,AM$2) -> 330.596 | AN89: =SUMIFS($D89:$AF89,$D$1:$AF$1,AN$2) -> 0
A90: 45717.25 | B90: 45717.25 | C90: 179, Козелець, Соборності 53/1 | H90: 236.968 | J90: 679.807 | AG90: {=INDEX(tex!C:C,MATCH(C90,tex!B:B,0),)} -> 991 | AH90: =YEAR(A90) -> 2025 | AI90: =MONTH(A90) -> 3 | AJ90: =SUMIFS($D90:$AF90,$D$1:$AF$1,AJ$2) -> 0 | AK90: =SUMIFS($D90:$AF90,$D$1:$AF$1,AK$2) -> 236.968 | AL90: =SUMIFS($D90:$AF90,$D$1:$AF$1,AL$2) -> 0 | AM90: =SUMIFS($D90:$AF90,$D$1:$AF$1,AM$2) -> 679.807 | AN90: =SUMIFS($D90:$AF90,$D$1:$AF$1,AN$2) -> 0
A91: 45717.25 | B91: 45717.25 | C91: 181, Димер, Бударіна 5 | H91: 372.874 | L91: 926.728 | O91: 1357.477 | Q91: 2.119 | AE91: 3611.774 | AG91: {=INDEX(tex!C:C,MATCH(C91,tex!B:B,0),)} -> 999 | AH91: =YEAR(A91) -> 2025 | AI91: =MONTH(A91) -> 3 | AJ91: =SUMIFS($D91:$AF91,$D$1:$AF$1,AJ$2) -> 1357.477 | AK91: =SUMIFS($D91:$AF91,$D$1:$AF$1,AK$2) -> 1299.602 | AL91: =SUMIFS($D91:$AF91,$D$1:$AF$1,AL$2) -> 0 | AM91: =SUMIFS($D91:$AF91,$D$1:$AF$1,AM$2) -> 0 | AN91: =SUMIFS($D91:$AF91,$D$1:$AF$1,AN$2) -> 3611.774
A92: 45717.25 | B92: 45717.25 | C92: 183, Київ, Оноре де Бальзака 94 | AF92: 1447.438 | AG92: {=INDEX(tex!C:C,MATCH(C92,tex!B:B,0),)} -> 1241 | AH92: =YEAR(A92) -> 2025 | AI92: =MONTH(A92) -> 3 | AJ92: =SUMIFS($D92:$AF92,$D$1:$AF$1,AJ$2) -> 1447.438 | AK92: =SUMIFS($D92:$AF92,$D$1:$AF$1,AK$2) -> 0 | AL92: =SUMIFS($D92:$AF92,$D$1:$AF$1,AL$2) -> 0 | AM92: =SUMIFS($D92:$AF92,$D$1:$AF$1,AM$2) -> 0 | AN92: =SUMIFS($D92:$AF92,$D$1:$AF$1,AN$2) -> 0
A93: 45717.25 | B93: 45717.25 | C93: 184, Березань, Привокзальна 1Б | AG93: {=INDEX(tex!C:C,MATCH(C93,tex!B:B,0),)} -> 1245 | AH93: =YEAR(A93) -> 2025 | AI93: =MONTH(A93) -> 3 | AJ93: =SUMIFS($D93:$AF93,$D$1:$AF$1,AJ$2) -> 0 | AK93: =SUMIFS($D93:$AF93,$D$1:$AF$1,AK$2) -> 0 | AL93: =SUMIFS($D93:$AF93,$D$1:$AF$1,AL$2) -> 0 | AM93: =SUMIFS($D93:$AF93,$D$1:$AF$1,AM$2) -> 0 | AN93: =SUMIFS($D93:$AF93,$D$1:$AF$1,AN$2) -> 0
A94: 45717.25 | B94: 45717.25 | C94: 185, Тетіїв, Соборна 19 | N94: 83.772 | AB94: 25.021 | AF94: 110.89 | AG94: {=INDEX(tex!C:C,MATCH(C94,tex!B:B,0),)} -> 1246 | AH94: =YEAR(A94) -> 2025 | AI94: =MONTH(A94) -> 3 | AJ94: =SUMIFS($D94:$AF94,$D$1:$AF$1,AJ$2) -> 219.683 | AK94: =SUMIFS($D94:$AF94,$D$1:$AF$1,AK$2) -> 0 | AL94: =SUMIFS($D94:$AF94,$D$1:$AF$1,AL$2) -> 0 | AM94: =SUMIFS($D94:$AF94,$D$1:$AF$1,AM$2) -> 0 | AN94: =SUMIFS($D94:$AF94,$D$1:$AF$1,AN$2) -> 0
A95: 45717.25 | B95: 45717.25 | C95: 186, Боярка, Петлюри 2 | H95: 381.639 | J95: 562.02 | AB95: 800.717 | AF95: 2740.828 | AG95: {=INDEX(tex!C:C,MATCH(C95,tex!B:B,0),)} -> 1315 | AH95: =YEAR(A95) -> 2025 | AI95: =MONTH(A95) -> 3 | AJ95: =SUMIFS($D95:$AF95,$D$1:$AF$1,AJ$2) -> 3541.545 | AK95: =SUMIFS($D95:$AF95,$D$1:$AF$1,AK$2) -> 381.639 | AL95: =SUMIFS($D95:$AF95,$D$1:$AF$1,AL$2) -> 0 | AM95: =SUMIFS($D95:$AF95,$D$1:$AF$1,AM$2) -> 562.02 | AN95: =SUMIFS($D95:$AF95,$D$1:$AF$1,AN$2) -> 0
A96: 45717.25 | B96: 45717.25 | C96: 187, Глеваха, Вокзальна 18А | H96: 427.968 | J96: 709.654 | AB96: 268.164 | AF96: 3061.223 | AG96: {=INDEX(tex!C:C,MATCH(C96,tex!B:B,0),)} -> 1297 | AH96: =YEAR(A96) -> 2025 | AI96: =MONTH(A96) -> 3 | AJ96: =SUMIFS($D96:$AF96,$D$1:$AF$1,AJ$2) -> 3329.387 | AK96: =SUMIFS($D96:$AF96,$D$1:$AF$1,AK$2) -> 427.968 | AL96: =SUMIFS($D96:$AF96,$D$1:$AF$1,AL$2) -> 0 | AM96: =SUMIFS($D96:$AF96,$D$1:$AF$1,AM$2) -> 709.654 | AN96: =SUMIFS($D96:$AF96,$D$1:$AF$1,AN$2) -> 0
A97: 45717.25 | B97: 45717.25 | C97: 188, Київ, Гавела Вацлава бул 45 | AF97: 2378.014 | AG97: {=INDEX(tex!C:C,MATCH(C97,tex!B:B,0),)} -> 1283 | AH97: =YEAR(A97) -> 2025 | AI97: =MONTH(A97) -> 3 | AJ97: =SUMIFS($D97:$AF97,$D$1:$AF$1,AJ$2) -> 2378.014 | AK97: =SUMIFS($D97:$AF97,$D$1:$AF$1,AK$2) -> 0 | AL97: =SUMIFS($D97:$AF97,$D$1:$AF$1,AL$2) -> 0 | AM97: =SUMIFS($D97:$AF97,$D$1:$AF$1,AM$2) -> 0 | AN97: =SUMIFS($D97:$AF97,$D$1:$AF$1,AN$2) -> 0
A98: 45717.25 | B98: 45717.25 | C98: 190, Київ, Вінст.Черчилля 33/10 | AG98: {=INDEX(tex!C:C,MATCH(C98,tex!B:B,0),)} -> 1255 | AH98: =YEAR(A98) -> 2025 | AI98: =MONTH(A98) -> 3 | AJ98: =SUMIFS($D98:$AF98,$D$1:$AF$1,AJ$2) -> 0 | AK98: =SUMIFS($D98:$AF98,$D$1:$AF$1,AK$2) -> 0 | AL98: =SUMIFS($D98:$AF98,$D$1:$AF$1,AL$2) -> 0 | AM98: =SUMIFS($D98:$AF98,$D$1:$AF$1,AM$2) -> 0 | AN98: =SUMIFS($D98:$AF98,$D$1:$AF$1,AN$2) -> 0
A99: 45717.25 | B99: 45717.25 | C99: 191, Гостомель, Рекунова 1 | H99: 642.385 | J99: 951.392 | AB99: 495.525 | AF99: 2276.626 | AG99: {=INDEX(tex!C:C,MATCH(C99,tex!B:B,0),)} -> 1286 | AH99: =YEAR(A99) -> 2025 | AI99: =MONTH(A99) -> 3 | AJ99: =SUMIFS($D99:$AF99,$D$1:$AF$1,AJ$2) -> 2772.151 | AK99: =SUMIFS($D99:$AF99,$D$1:$AF$1,AK$2) -> 642.385 | AL99: =SUMIFS($D99:$AF99,$D$1:$AF$1,AL$2) -> 0 | AM99: =SUMIFS($D99:$AF99,$D$1:$AF$1,AM$2) -> 951.392 | AN99: =SUMIFS($D99:$AF99,$D$1:$AF$1,AN$2) -> 0
A100: 45717.25 | B100: 45717.25 | C100: 192, Київ, Закревського 93А | AG100: {=INDEX(tex!C:C,MATCH(C100,tex!B:B,0),)} -> 1301 | AH100: =YEAR(A100) -> 2025 | AI100: =MONTH(A100) -> 3 | AJ100: =SUMIFS($D100:$AF100,$D$1:$AF$1,AJ$2) -> 0 | AK100: =SUMIFS($D100:$AF100,$D$1:$AF$1,AK$2) -> 0 | AL100: =SUMIFS($D100:$AF100,$D$1:$AF$1,AL$2) -> 0 | AM100: =SUMIFS($D100:$AF100,$D$1:$AF$1,AM$2) -> 0 | AN100: =SUMIFS($D100:$AF100,$D$1:$AF$1,AN$2) -> 0
...

Sheet Аркуш2
A1: Дата | B1: Час | C1: Магазин | D1: Витяжка ПКВ | E1: Гриль шаурма | F1: Ел. плита | G1: Модульна піч | H1: ПКВ | I1: ПКВ гриль | J1: ПКВ допік | K1: ПКВ копчення | L1: ПКВ піч | M1: Піч Піца1 | N1: Піч піца | O1: Піч піца1 | P1: Піч піца2 | Q1: Розстоєчна шафа | R1: Ротаційна піч | S1: Тензометрія ПКВ | T1: Тензометрія ПКВ гриль | U1: Тензометрія ПКВ допік | V1: Тензометрія ПКВ копчення | W1: Тензометрія Теплова вітрина | X1: Тензометрія Теплова вітрина1 | Y1: Тензометрія Теплова вітрина2 | Z1: Теплова вітрина | AA1: Теплова вітрина 1 | AB1: Теплова вітрина1 | AC1: Теплова вітрина2 | AD1: ЩС Піца | AE1: ЩС пекарня | AF1: ЩС піца
A3: ="""" & A1 & """" &"," -> "Дата", | B3: ="""" & B1 & """" &"," -> "Час", | C3: ="""" & C1 & """" &"," -> "Магазин", | D3: ="""" & D1 & """" &"," -> "Витяжка ПКВ", | E3: ="""" & E1 & """" &"," -> "Гриль шаурма", | F3: ="""" & F1 & """" &"," -> "Ел. плита", | G3: ="""" & G1 & """" &"," -> "Модульна піч", | H3: ="""" & H1 & """" &"," -> "ПКВ", | ... AE3: ="""" & AE1 & """" &"," -> "ЩС пекарня", | AF3: ="""" & AF1 & """" -> "ЩС піца"

Sheet Аркуш3
A1: Filid year month Пиццерия Гриль Стріт-Фуд Допёк Пекарня
A2: 0 NaN 2026 4 0.000 NaN NaN NaN NaN
A3: 1 NaN 2026 4 0.000 NaN NaN NaN NaN
A4: 2 NaN 2026 4 0.000 NaN NaN NaN NaN
A5: 3 NaN 2026 4 0.000 NaN NaN NaN NaN
A6: 4 NaN 2026 4 0.000 NaN NaN NaN NaN
A7: 5 NaN 2026 4 1881.272 NaN NaN NaN NaN
A8: 6 NaN 2026 4 0.000 NaN NaN NaN NaN
A9: 7 NaN 2026 4 4090.008 NaN NaN NaN NaN
A10: 8 NaN 2026 4 14725.008 NaN NaN NaN NaN
A11: 9 NaN 2026 4 13118.256 NaN NaN NaN NaN
A12: 10 NaN 2026 4 0.000 NaN NaN NaN NaN
... A438: 436 4359.0 2026 4 0.000 NaN NaN NaN NaN

Sheet січень 2026
D1: {=INDEX(довід_обладнання!$B:$B,MATCH(D2,довід_обладнання!$A:$A,0),)} -> Гриль | E1: {=INDEX(довід_обладнання!$B:$B,MATCH(E2,довід_обладнання!$A:$A,0),)} -> Стрит-Фуд | F1: {=INDEX(довід_обладнання!$B:$B,MATCH(F2,довід_обладнання!$A:$A,0),)} -> 0 | G1: {=INDEX(довід_обладнання!$B:$B,MATCH(G2,довід_обладнання!$A:$A,0),)} -> 0 | H1: {=INDEX(довід_обладнання!$B:$B,MATCH(H2,довід_обладнання!$A:$A,0),)} -> Гриль | I1: {=INDEX(довід_обладнання!$B:$B,MATCH(I2,довід_обладнання!$A:$A,0),)} -> Гриль | J1: {=INDEX(довід_обладнання!$B:$B,MATCH(J2,довід_обладнання!$A:$A,0),)} -> Допёк | K1: {=INDEX(довід_обладнання!$B:$B,MATCH(K2,довід_обладнання!$A:$A,0),)} -> Гриль | ... AF1: {=INDEX(довід_обладнання!$B:$B,MATCH(AF2,довід_обладнання!$A:$A,0),)} -> Пиццерия
A2: Дата | B2: Час | C2: Магазин | D2: Витяжка ПКВ | E2: Гриль шаурма | F2: Ел. плита | G2: Модульна піч | H2: ПКВ | I2: ПКВ гриль | J2: ПКВ допік | K2: ПКВ копчення | L2: ПКВ піч | M2: Піч Піца1 | N2: Піч піца | O2: Піч піца1 | P2: Піч піца2 | Q2: Розстоєчна шафа | R2: Ротаційна піч | S2: Тензометрія ПКВ | T2: Тензометрія ПКВ гриль | U2: Тензометрія ПКВ допік | V2: Тензометрія ПКВ копчення | W2: Тензометрія Теплова вітрина | X2: Тензометрія Теплова вітрина1 | Y2: Тензометрія Теплова вітрина2 | Z2: Теплова вітрина | AA2: Теплова вітрина 1 | AB2: Теплова вітрина1 | AC2: Теплова вітрина2 | AD2: ЩС Піца | AE2: ЩС пекарня | AF2: ЩС піца | AG2: Filid | AH2: year | AI2: month | AJ2: Пиццерия | AK2: Гриль | AL2: Стрит-Фуд | AM2: Допёк | AN2: Пекарня
A3: 46023 | B3: 46023 | C3: 000, Київ (МРЦ), Зрошувальна 5 | AG3: {=INDEX(tex!C:C,MATCH(C3,tex!B:B,0),)} -> #N/A | AH3: =YEAR(A3) -> 2026 | AI3: =MONTH(A3) -> 1 | AJ3: =SUMIFS($D3:$AF3,$D$1:$AF$1,AJ$2) -> 0 | AK3: =SUMIFS($D3:$AF3,$D$1:$AF$1,AK$2) -> 0 | AL3: =SUMIFS($D3:$AF3,$D$1:$AF$1,AL$2) -> 0 | AM3: =SUMIFS($D3:$AF3,$D$1:$AF$1,AM$2) -> 0 | AN3: =SUMIFS($D3:$AF3,$D$1:$AF$1,AN$2) -> 0 | AO3: ="insert into [Business_Analytic].[prod].[temp] values ("&AG3&", "&AH3&", "&AI3&", "&AJ3&", "&AK3&", "&AL3&", "&AM3&", "&AN3&");" -> #N/A
A4: 46023 | B4: 46023 | C4: 000, Київ, Алішера Навої 76 | AG4: {=INDEX(tex!C:C,MATCH(C4,tex!B:B,0),)} -> #N/A | AH4: =YEAR(A4) -> 2026 | AI4: =MONTH(A4) -> 1 | AJ4: =SUMIFS($D4:$AF4,$D$1:$AF$1,AJ$2) -> 0 | AK4: =SUMIFS($D4:$AF4,$D$1:$AF$1,AK$2) -> 0 | AL4: =SUMIFS($D4:$AF4,$D$1:$AF$1,AL$2) -> 0 | AM4: =SUMIFS($D4:$AF4,$D$1:$AF$1,AM$2) -> 0 | AN4: =SUMIFS($D4:$AF4,$D$1:$AF$1,AN$2) -> 0 | AO4: ="insert into [Business_Analytic].[prod].[temp] values ("&AG4&", "&AH4&", "&AI4&", "&AJ4&", "&AK4&", "&AL4&", "&AM4&", "&AN4&");" -> #N/A
A5: 46023 | B5: 46023 | C5: 000, Київ, Пластова 15 | AG5: {=INDEX(tex!C:C,MATCH(C5,tex!B:B,0),)} -> #N/A | AH5: =YEAR(A5) -> 2026 | AI5: =MONTH(A5) -> 1 | AJ5: =SUMIFS($D5:$AF5,$D$1:$AF$1,AJ$2) -> 0 | AK5: =SUMIFS($D5:$AF5,$D$1:$AF$1,AK$2) -> 0 | AL5: =SUMIFS($D5:$AF5,$D$1:$AF$1,AL$2) -> 0 | AM5: =SUMIFS($D5:$AF5,$D$1:$AF$1,AM$2) -> 0 | AN5: =SUMIFS($D5:$AF5,$D$1:$AF$1,AN$2) -> 0 | AO5: ="insert into [Business_Analytic].[prod].[temp] values ("&AG5&", "&AH5&", "&AI5&", "&AJ5&", "&AK5&", "&AL5&", "&AM5&", "&AN5&");" -> #N/A
A6: 46023 | B6: 46023 | C6: 000, Київ, Стальського, 23 | AG6: {=INDEX(tex!C:C,MATCH(C6,tex!B:B,0),)} -> #N/A | AH6: =YEAR(A6) -> 2026 | AI6: =MONTH(A6) -> 1 | AJ6: =SUMIFS($D6:$AF6,$D$1:$AF$1,AJ$2) -> 0 | AK6: =SUMIFS($D6:$AF6,$D$1:$AF$1,AK$2) -> 0 | AL6: =SUMIFS($D6:$AF6,$D$1:$AF$1,AL$2) -> 0 | AM6: =SUMIFS($D6:$AF6,$D$1:$AF$1,AM$2) -> 0 | AN6: =SUMIFS($D6:$AF6,$D$1:$AF$1,AN$2) -> 0 | AO6: ="insert into [Business_Analytic].[prod].[temp] values ("&AG6&", "&AH6&", "&AI6&", "&AJ6&", "&AK6&", "&AL6&", "&AM6&", "&AN6&");" -> #N/A
A7: 46023 | B7: 46023 | C7: 000, Київ, Харківське шосе 172 | AG7: {=INDEX(tex!C:C,MATCH(C7,tex!B:B,0),)} -> #N/A | AH7: =YEAR(A7) -> 2026 | AI7: =MONTH(A7) -> 1 | AJ7: =SUMIFS($D7:$AF7,$D$1:$AF$1,AJ$2) -> 0 | AK7: =SUMIFS($D7:$AF7,$D$1:$AF$1,AK$2) -> 0 | AL7: =SUMIFS($D7:$AF7,$D$1:$AF$1,AL$2) -> 0 | AM7: =SUMIFS($D7:$AF7,$D$1:$AF$1,AM$2) -> 0 | AN7: =SUMIFS($D7:$AF7,$D$1:$AF$1,AN$2) -> 0 | AO7: ="insert into [Business_Analytic].[prod].[temp] values ("&AG7&", "&AH7&", "&AI7&", "&AJ7&", "&AK7&", "&AL7&", "&AM7&", "&AN7&");" -> #N/A
A8: 46023 | B8: 46023 | C8: 001, Київ, Йорданська 20 | D8: 5.99 | H8: 142.504 | J8: 754.915 | AB8: 504.585 | AG8: {=INDEX(tex!C:C,MATCH(C8,tex!B:B,0),)} -> 47 | AH8: =YEAR(A8) -> 2026 | AI8: =MONTH(A8) -> 1 | AJ8: =SUMIFS($D8:$AF8,$D$1:$AF$1,AJ$2) -> 504.585 | AK8: =SUMIFS($D8:$AF8,$D$1:$AF$1,AK$2) -> 148.494 | AL8: =SUMIFS($D8:$AF8,$D$1:$AF$1,AL$2) -> 0 | AM8: =SUMIFS($D8:$AF8,$D$1:$AF$1,AM$2) -> 754.915 | AN8: =SUMIFS($D8:$AF8,$D$1:$AF$1,AN$2) -> 0 | AO8: ="insert into [Business_Analytic].[prod].[temp] values ("&AG8&", "&AH8&", "&AI8&", "&AJ8&", "&AK8&", "&AL8&", "&AM8&", "&AN8&");" -> insert into [Business_Analytic].[prod].[temp] values (47, 2026, 1, 504.585, 148.494, 0, 754.915, 0);
A9: 46023 | B9: 46023 | C9: 002, Київ, пр. Ак.Вернадського 16 | J9: 321.751 | AF9: 2711.688 | AG9: {=INDEX(tex!C:C,MATCH(C9,tex!B:B,0),)} -> 48 | AH9: =YEAR(A9) -> 2026 | AI9: =MONTH(A9) -> 1 | AJ9: =SUMIFS($D9:$AF9,$D$1:$AF$1,AJ$2) -> 2711.688 | AK9: =SUMIFS($D9:$AF9,$D$1:$AF$1,AK$2) -> 0 | AL9: =SUMIFS($D9:$AF9,$D$1:$AF$1,AL$2) -> 0 | AM9: =SUMIFS($D9:$AF9,$D$1:$AF$1,AM$2) -> 321.751 | AN9: =SUMIFS($D9:$AF9,$D$1:$AF$1,AN$2) -> 0 | AO9: ="insert into [Business_Analytic].[prod].[temp] values ("&AG9&", "&AH9&", "&AI9&", "&AJ9&", "&AK9&", "&AL9&", "&AM9&", "&AN9&");" -> insert into [Business_Analytic].[prod].[temp] values (48, 2026, 1, 2711.688, 0, 0, 321.751, 0);
A10: 46023 | B10: 46023 | C10: 003, Київ, Шолуденка 16 | D10: 23.919 | AF10: 1319.969 | AG10: {=INDEX(tex!C:C,MATCH(C10,tex!B:B,0),)} -> 92 | AH10: =YEAR(A10) -> 2026 | AI10: =MONTH(A10) -> 1 | AJ10: =SUMIFS($D10:$AF10,$D$1:$AF$1,AJ$2) -> 1319.969 | AK10: =SUMIFS($D10:$AF10,$D$1:$AF$1,AK$2) -> 23.919 | AL10: =SUMIFS($D10:$AF10,$D$1:$AF$1,AL$2) -> 0 | AM10: =SUMIFS($D10:$AF10,$D$1:$AF$1,AM$2) -> 0 | AN10: =SUMIFS($D10:$AF10,$D$1:$AF$1,AN$2) -> 0 | AO10: ="insert into [Business_Analytic].[prod].[temp] values ("&AG10&", "&AH10&", "&AI10&", "&AJ10&", "&AK10&", "&AL10&", "&AM10&", "&AN10&");" -> insert into [Business_Analytic].[prod].[temp] values (92, 2026, 1, 1319.969, 23.919, 0, 0, 0);
A11: 46023 | B11: 46023 | C11: 005, Київ, Воскресенський пр-т, 20 | D11: 62.966 | H11: 758.152 | J11: 1175.026 | AB11: 494.76 | AC11: 275.065 | AF11: 3383.862 | AG11: {=INDEX(tex!C:C,MATCH(C11,tex!B:B,0),)} -> 21 | AH11: =YEAR(A11) -> 2026 | AI11: =MONTH(A11) -> 1 | AJ11: =SUMIFS($D11:$AF11,$D$1:$AF$1,AJ$2) -> 3878.622 | AK11: =SUMIFS($D11:$AF11,$D$1:$AF$1,AK$2) -> 1096.183 | AL11: =SUMIFS($D11:$AF11,$D$1:$AF$1,AL$2) -> 0 | AM11: =SUMIFS($D11:$AF11,$D$1:$AF$1,AM$2) -> 1175.026 | AN11: =SUMIFS($D11:$AF11,$D$1:$AF$1,AN$2) -> 0 | AO11: ="insert into [Business_Analytic].[prod].[temp] values ("&AG11&", "&AH11&", "&AI11&", "&AJ11&", "&AK11&", "&AL11&", "&AM11&", "&AN11&");" -> insert into [Business_Analytic].[prod].[temp] values (21, 2026, 1, 3878.622, 1096.183, 0, 1175.026, 0);
A12: 46023 | B12: 46023 | C12: 007, Київ, Будівельників 29 | H12: 661.446 | AB12: 333.85 | AF12: 3271.061 | AG12: {=INDEX(tex!C:C,MATCH(C12,tex!B:B,0),)} -> 112 | AH12: =YEAR(A12) -> 2026 | AI12: =MONTH(A12) -> 1 | AJ12: =SUMIFS($D12:$AF12,$D$1:$AF$1,AJ$2) -> 3604.911 | AK12: =SUMIFS($D12:$AF12,$D$1:$AF$1,AK$2) -> 661.446 | AL12: =SUMIFS($D12:$AF12,$D$1:$AF$1,AL$2) -> 0 | AM12: =SUMIFS($D12:$AF12,$D$1:$AF$1,AM$2) -> 0 | AN12: =SUMIFS($D12:$AF12,$D$1:$AF$1,AN$2) -> 0 | AO12: ="insert into [Business_Analytic].[prod].[temp] values ("&AG12&", "&AH12&", "&AI12&", "&AJ12&", "&AK12&", "&AL12&", "&AM12&", "&AN12&");" -> insert into [Business_Analytic].[prod].[temp] values (112, 2026, 1, 3604.911, 661.446, 0, 0, 0);
A13: 46023 | B13: 46023 | C13: 008, Київ, Котляревського бул 2 | AG13: {=INDEX(tex!C:C,MATCH(C13,tex!B:B,0),)} -> 113 | AH13: =YEAR(A13) -> 2026 | AI13: =MONTH(A13) -> 1 | AJ13: =SUMIFS($D13:$AF13,$D$1:$AF$1,AJ$2) -> 0 | AK13: =SUMIFS($D13:$AF13,$D$1:$AF$1,AK$2) -> 0 | AL13: =SUMIFS($D13:$AF13,$D$1:$AF$1,AL$2) -> 0 | AM13: =SUMIFS($D13:$AF13,$D$1:$AF$1,AM$2) -> 0 | AN13: =SUMIFS($D13:$AF13,$D$1:$AF$1,AN$2) -> 0 | AO13: ="insert into [Business_Analytic].[prod].[temp] values ("&AG13&", "&AH13&", "&AI13&", "&AJ13&", "&AK13&", "&AL13&", "&AM13&", "&AN13&");" -> insert into [Business_Analytic].[prod].[temp] values (113, 2026, 1, 0, 0, 0, 0, 0);
A14: 46023 | B14: 46023 | C14: 010, Київ, Малишка 15 | J14: 1399.026 | AG14: {=INDEX(tex!C:C,MATCH(C14,tex!B:B,0),)} -> 117 | AH14: =YEAR(A14) -> 2026 | AI14: =MONTH(A14) -> 1 | AJ14: =SUMIFS($D14:$AF14,$D$1:$AF$1,AJ$2) -> 0 | AK14: =SUMIFS($D14:$AF14,$D$1:$AF$1,AK$2) -> 0 | AL14: =SUMIFS($D14:$AF14,$D$1:$AF$1,AL$2) -> 0 | AM14: =SUMIFS($D14:$AF14,$D$1:$AF$1,AM$2) -> 1399.026 | AN14: =SUMIFS($D14:$AF14,$D$1:$AF$1,AN$2) -> 0 | AO14: ="insert into [Business_Analytic].[prod].[temp] values ("&AG14&", "&AH14&", "&AI14&", "&AJ14&", "&AK14&", "&AL14&", "&AM14&", "&AN14&");" -> insert into [Business_Analytic].[prod].[temp] values (117, 2026, 1, 0, 0, 0, 1399.026, 0);
A15: 46023 | B15: 46023 | C15: 011, Київ, Харківське шосе 9 | AG15: {=INDEX(tex!C:C,MATCH(C15,tex!B:B,0),)} -> 118 | AH15: =YEAR(A15) -> 2026 | AI15: =MONTH(A15) -> 1 | AJ15: =SUMIFS($D15:$AF15,$D$1:$AF$1,AJ$2) -> 0 | AK15: =SUMIFS($D15:$AF15,$D$1:$AF$1,AK$2) -> 0 | AL15: =SUMIFS($D15:$AF15,$D$1:$AF$1,AL$2) -> 0 | AM15: =SUMIFS($D15:$AF15,$D$1:$AF$1,AM$2) -> 0 | AN15: =SUMIFS($D15:$AF15,$D$1:$AF$1,AN$2) -> 0 | AO15: ="insert into [Business_Analytic].[prod].[temp] values ("&AG15&", "&AH15&", "&AI15&", "&AJ15&", "&AK15&", "&AL15&", "&AM15&", "&AN15&");" -> insert into [Business_Analytic].[prod].[temp] values (118, 2026, 1, 0, 0, 0, 0, 0);
A16: 46023 | B16: 46023 | C16: 013, Київ, Л.Каденюка пр 2/35 | H16: 705.243 | J16: 139.375 | AB16: 504.027 | AG16: {=INDEX(tex!C:C,MATCH(C16,tex!B:B,0),)} -> 123 | AH16: =YEAR(A16) -> 2026 | AI16: =MONTH(A16) -> 1 | AJ16: =SUMIFS($D16:$AF16,$D$1:$AF$1,AJ$2) -> 504.027 | AK16: =SUMIFS($D16:$AF16,$D$1:$AF$1,AK$2) -> 705.243 | AL16: =SUMIFS($D16:$AF16,$D$1:$AF$1,AL$2) -> 0 | AM16: =SUMIFS($D16:$AF16,$D$1:$AF$1,AM$2) -> 139.375 | AN16: =SUMIFS($D16:$AF16,$D$1:$AF$1,AN$2) -> 0 | AO16: ="insert into [Business_Analytic].[prod].[temp] values ("&AG16&", "&AH16&", "&AI16&", "&AJ16&", "&AK16&", "&AL16&", "&AM16&", "&AN16&");" -> insert into [Business_Analytic].[prod].[temp] values (123, 2026, 1, 504.027, 705.243, 0, 139.375, 0);
A17: 46023 | B17: 46023 | C17: 014, Київ, Миропільська 19 | D17: 9.353 | H17: 159.09 | J17: 725.046 | AB17: 396.686 | AG17: {=INDEX(tex!C:C,MATCH(C17,tex!B:B,0),)} -> 130 | AH17: =YEAR(A17) -> 2026 | AI17: =MONTH(A17) -> 1 | AJ17: =SUMIFS($D17:$AF17,$D$1:$AF$1,AJ$2) -> 396.686 | AK17: =SUMIFS($D17:$AF17,$D$1:$AF$1,AK$2) -> 168.443 | AL17: =SUMIFS($D17:$AF17,$D$1:$AF$1,AL$2) -> 0 | AM17: =SUMIFS($D17:$AF17,$D$1:$AF$1,AM$2) -> 725.046 | AN17: =SUMIFS($D17:$AF17,$D$1:$AF$1,AN$2) -> 0 | AO17: ="insert into [Business_Analytic].[prod].[temp] values ("&AG17&", "&AH17&", "&AI17&", "&AJ17&", "&AK17&", "&AL17&", "&AM17&", "&AN17&");" -> insert into [Business_Analytic].[prod].[temp] values (130, 2026, 1, 396.686, 168.443, 0, 725.046, 0);
A18: 46023 | B18: 46023 | C18: 015, Київ, Гродненська 1/35 | J18: 637.533 | AF18: 2467.323 | AG18: {=INDEX(tex!C:C,MATCH(C18,tex!B:B,0),)} -> 131 | AH18: =YEAR(A18) -> 2026 | AI18: =MONTH(A18) -> 1 | AJ18: =SUMIFS($D18:$AF18,$D$1:$AF$1,AJ$2) -> 2467.323 | AK18: =SUMIFS($D18:$AF18,$D$1:$AF$1,AK$2) -> 0 | AL18: =SUMIFS($D18:$AF18,$D$1:$AF$1,AL$2) -> 0 | AM18: =SUMIFS($D18:$AF18,$D$1:$AF$1,AM$2) -> 637.533 | AN18: =SUMIFS($D18:$AF18,$D$1:$AF$1,AN$2) -> 0 | AO18: ="insert into [Business_Analytic].[prod].[temp] values ("&AG18&", "&AH18&", "&AI18&", "&AJ18&", "&AK18&", "&AL18&", "&AM18&", "&AN18&");" -> insert into [Business_Analytic].[prod].[temp] values (131, 2026, 1, 2467.323, 0, 0, 637.533, 0);
A19: 46023 | B19: 46023 | C19: 016, Київ, Алматинська 54 | H19: 651.263 | J19: 1109.447 | O19: 1464.357 | AB19: 754.941 | AF19: 2668.697 | AG19: {=INDEX(tex!C:C,MATCH(C19,tex!B:B,0),)} -> 288 | AH19: =YEAR(A19) -> 2026 | AI19: =MONTH(A19) -> 1 | AJ19: =SUMIFS($D19:$AF19,$D$1:$AF$1,AJ$2) -> 4887.995 | AK19: =SUMIFS($D19:$AF19,$D$1:$AF$1,AK$2) -> 651.263 | AL19: =SUMIFS($D19:$AF19,$D$1:$AF$1,AL$2) -> 0 | AM19: =SUMIFS($D19:$AF19,$D$1:$AF$1,AM$2) -> 1109.447 | AN19: =SUMIFS($D19:$AF19,$D$1:$AF$1,AN$2) -> 0 | AO19: ="insert into [Business_Analytic].[prod].[temp] values ("&AG19&", "&AH19&", "&AI19&", "&AJ19&", "&AK19&", "&AL19&", "&AM19&", "&AN19&");" -> insert into [Business_Analytic].[prod].[temp] values (288, 2026, 1, 4887.995, 651.263, 0, 1109.447, 0);
A20: 46023 | B20: 46023 | C20: 017, Київ, Миропільська 1 | AG20: {=INDEX(tex!C:C,MATCH(C20,tex!B:B,0),)} -> 149 | AH20: =YEAR(A20) -> 2026 | AI20: =MONTH(A20) -> 1 | AJ20: =SUMIFS($D20:$AF20,$D$1:$AF$1,AJ$2) -> 0 | AK20: =SUMIFS($D20:$AF20,$D$1:$AF$1,AK$2) -> 0 | AL20: =SUMIFS($D20:$AF20,$D$1:$AF$1,AL$2) -> 0 | AM20: =SUMIFS($D20:$AF20,$D$1:$AF$1,AM$2) -> 0 | AN20: =SUMIFS($D20:$AF20,$D$1:$AF$1,AN$2) -> 0 | AO20: ="insert into [Business_Analytic].[prod].[temp] values ("&AG20&", "&AH20&", "&AI20&", "&AJ20&", "&AK20&", "&AL20&", "&AM20&", "&AN20&");" -> insert into [Business_Analytic].[prod].[temp] values (149, 2026, 1, 0, 0, 0, 0, 0);
A21: 46023 | B21: 46023 | C21: 018, Київ, Голосіївський пр-т 104 | H21: 594.198 | J21: 880.84 | AB21: 672.904 | AG21: {=INDEX(tex!C:C,MATCH(C21,tex!B:B,0),)} -> 148 | AH21: =YEAR(A21) -> 2026 | AI21: =MONTH(A21) -> 1 | AJ21: =SUMIFS($D21:$AF21,$D$1:$AF$1,AJ$2) -> 672.904 | AK21: =SUMIFS($D21:$AF21,$D$1:$AF$1,AK$2) -> 594.198 | AL21: =SUMIFS($D21:$AF21,$D$1:$AF$1,AL$2) -> 0 | AM21: =SUMIFS($D21:$AF21,$D$1:$AF$1,AM$2) -> 880.84 | AN21: =SUMIFS($D21:$AF21,$D$1:$AF$1,AN$2) -> 0 | AO21: ="insert into [Business_Analytic].[prod].[temp] values ("&AG21&", "&AH21&", "&AI21&", "&AJ21&", "&AK21&", "&AL21&", "&AM21&", "&AN21&");" -> insert into [Business_Analytic].[prod].[temp] values (148, 2026, 1, 672.904, 594.198, 0, 880.84, 0);
A22: 46023 | B22: 46023 | C22: 019, Київ, бул. Верховної Ради 27 | AG22: {=INDEX(tex!C:C,MATCH(C22,tex!B:B,0),)} -> 285 | AH22: =YEAR(A22) -> 2026 | AI22: =MONTH(A22) -> 1 | AJ22: =SUMIFS($D22:$AF22,$D$1:$AF$1,AJ$2) -> 0 | AK22: =SUMIFS($D22:$AF22,$D$1:$AF$1,AK$2) -> 0 | AL22: =SUMIFS($D22:$AF22,$D$1:$AF$1,AL$2) -> 0 | AM22: =SUMIFS($D22:$AF22,$D$1:$AF$1,AM$2) -> 0 | AN22: =SUMIFS($D22:$AF22,$D$1:$AF$1,AN$2) -> 0 | AO22: ="insert into [Business_Analytic].[prod].[temp] values ("&AG22&", "&AH22&", "&AI22&", "&AJ22&", "&AK22&", "&AL22&", "&AM22&", "&AN22&");" -> insert into [Business_Analytic].[prod].[temp] values (285, 2026, 1, 0, 0, 0, 0, 0);
A23: 46023 | B23: 46023 | C23: 020, Київ, Левицького 5 | H23: 542.351 | J23: 760.961 | AB23: 182.537 | AF23: 1893.066 | AG23: {=INDEX(tex!C:C,MATCH(C23,tex!B:B,0),)} -> 162 | AH23: =YEAR(A23) -> 2026 | AI23: =MONTH(A23) -> 1 | AJ23: =SUMIFS($D23:$AF23,$D$1:$AF$1,AJ$2) -> 2075.603 | AK23: =SUMIFS($D23:$AF23,$D$1:$AF$1,AK$2) -> 542.351 | AL23: =SUMIFS($D23:$AF23,$D$1:$AF$1,AL$2) -> 0 | AM23: =SUMIFS($D23:$AF23,$D$1:$AF$1,AM$2) -> 760.961 | AN23: =SUMIFS($D23:$AF23,$D$1:$AF$1,AN$2) -> 0 | AO23: ="insert into [Business_Analytic].[prod].[temp] values ("&AG23&", "&AH23&", "&AI23&", "&AJ23&", "&AK23&", "&AL23&", "&AM23&", "&AN23&");" -> insert into [Business_Analytic].[prod].[temp] values (162, 2026, 1, 2075.603, 542.351, 0, 760.961, 0);
A24: 46023 | B24: 46023 | C24: 021, Київ, Воскресенський пр-т, 23-Б | H24: 876.265 | AB24: 304.89 | AG24: {=INDEX(tex!C:C,MATCH(C24,tex!B:B,0),)} -> 287 | AH24: =YEAR(A24) -> 2026 | AI24: =MONTH(A24) -> 1 | AJ24: =SUMIFS($D24:$AF24,$D$1:$AF$1,AJ$2) -> 304.89 | AK24: =SUMIFS($D24:$AF24,$D$1:$AF$1,AK$2) -> 876.265 | AL24: =SUMIFS($D24:$AF24,$D$1:$AF$1,AL$2) -> 0 | AM24: =SUMIFS($D24:$AF24,$D$1:$AF$1,AM$2) -> 0 | AN24: =SUMIFS($D24:$AF24,$D$1:$AF$1,AN$2) -> 0 | AO24: ="insert into [Business_Analytic].[prod].[temp] values ("&AG24&", "&AH24&", "&AI24&", "&AJ24&", "&AK24&", "&AL24&", "&AM24&", "&AN24&");" -> insert into [Business_Analytic].[prod].[temp] values (287, 2026, 1, 304.89, 876.265, 0, 0, 0);
A25: 46023 | B25: 46023 | C25: 022, Київ, Воскресенський пр-т 14 | J25: 1150.98 | AG25: {=INDEX(tex!C:C,MATCH(C25,tex!B:B,0),)} -> 169 | AH25: =YEAR(A25) -> 2026 | AI25: =MONTH(A25) -> 1 | AJ25: =SUMIFS($D25:$AF25,$D$1:$AF$1,AJ$2) -> 0 | AK25: =SUMIFS($D25:$AF25,$D$1:$AF$1,AK$2) -> 0 | AL25: =SUMIFS($D25:$AF25,$D$1:$AF$1,AL$2) -> 0 | AM25: =SUMIFS($D25:$AF25,$D$1:$AF$1,AM$2) -> 1150.98 | AN25: =SUMIFS($D25:$AF25,$D$1:$AF$1,AN$2) -> 0 | AO25: ="insert into [Business_Analytic].[prod].[temp] values ("&AG25&", "&AH25&", "&AI25&", "&AJ25&", "&AK25&", "&AL25&", "&AM25&", "&AN25&");" -> insert into [Business_Analytic].[prod].[temp] values (169, 2026, 1, 0, 0, 0, 1150.98, 0);
A26: 46023 | B26: 46023 | C26: 023, Київ, бул. Верховної Ради 17 | I26: 953.018 | AB26: 237.599 | AF26: 2726.559 | AG26: {=INDEX(tex!C:C,MATCH(C26,tex!B:B,0),)} -> 286 | AH26: =YEAR(A26) -> 2026 | AI26: =MONTH(A26) -> 1 | AJ26: =SUMIFS($D26:$AF26,$D$1:$AF$1,AJ$2) -> 2964.158 | AK26: =SUMIFS($D26:$AF26,$D$1:$AF$1,AK$2) -> 953.018 | AL26: =SUMIFS($D26:$AF26,$D$1:$AF$1,AL$2) -> 0 | AM26: =SUMIFS($D26:$AF26,$D$1:$AF$1,AM$2) -> 0 | AN26: =SUMIFS($D26:$AF26,$D$1:$AF$1,AN$2) -> 0 | AO26: ="insert into [Business_Analytic].[prod].[temp] values ("&AG26&", "&AH26&", "&AI26&", "&AJ26&", "&AK26&", "&AL26&", "&AM26&", "&AN26&");" -> insert into [Business_Analytic].[prod].[temp] values (286, 2026, 1, 2964.158, 953.018, 0, 0, 0);
A27: 46023 | B27: 46023 | C27: 027, Київ, Павла Вірського б-р 6А | H27: 330.033 | J27: 508.605 | AB27: 233.845 | AF27: 2657.141 | AG27: {=INDEX(tex!C:C,MATCH(C27,tex!B:B,0),)} -> 189 | AH27: =YEAR(A27) -> 2026 | AI27: =MONTH(A27) -> 1 | AJ27: =SUMIFS($D27:$AF27,$D$1:$AF$1,AJ$2) -> 2890.986 | AK27: =SUMIFS($D27:$AF27,$D$1:$AF$1,AK$2) -> 330.033 | AL27: =SUMIFS($D27:$AF27,$D$1:$AF$1,AL$2) -> 0 | AM27: =SUMIFS($D27:$AF27,$D$1:$AF$1,AM$2) -> 508.605 | AN27: =SUMIFS($D27:$AF27,$D$1:$AF$1,AN$2) -> 0 | AO27: ="insert into [Business_Analytic].[prod].[temp] values ("&AG27&", "&AH27&", "&AI27&", "&AJ27&", "&AK27&", "&AL27&", "&AM27&", "&AN27&");" -> insert into [Business_Analytic].[prod].[temp] values (189, 2026, 1, 2890.986, 330.033, 0, 508.605, 0);
A28: 46023 | B28: 46023 | C28: 028, Київ, Голосіївський пр-т, 118 | H28: 758.153 | J28: 535.594 | O28: 1329.052 | AB28: 281.069 | AF28: 2394.604 | AG28: {=INDEX(tex!C:C,MATCH(C28,tex!B:B,0),)} -> 199 | AH28: =YEAR(A28) -> 2026 | AI28: =MONTH(A28) -> 1 | AJ28: =SUMIFS($D28:$AF28,$D$1:$AF$1,AJ$2) -> 4004.725 | AK28: =SUMIFS($D28:$AF28,$D$1:$AF$1,AK$2) -> 758.153 | AL28: =SUMIFS($D28:$AF28,$D$1:$AF$1,AL$2) -> 0 | AM28: =SUMIFS($D28:$AF28,$D$1:$AF$1,AM$2) -> 535.594 | AN28: =SUMIFS($D28:$AF28,$D$1:$AF$1,AN$2) -> 0 | AO28: ="insert into [Business_Analytic].[prod].[temp] values ("&AG28&", "&AH28&", "&AI28&", "&AJ28&", "&AK28&", "&AL28&", "&AM28&", "&AN28&");" -> insert into [Business_Analytic].[prod].[temp] values (199, 2026, 1, 4004.725, 758.153, 0, 535.594, 0);
A29: 46023 | B29: 46023 | C29: 033, Київ, Зодчих 52 | J29: 1094.895 | AB29: 457.822 | AG29: {=INDEX(tex!C:C,MATCH(C29,tex!B:B,0),)} -> 239 | AH29: =YEAR(A29) -> 2026 | AI29: =MONTH(A29) -> 1 | AJ29: =SUMIFS($D29:$AF29,$D$1:$AF$1,AJ$2) -> 457.822 | AK29: =SUMIFS($D29:$AF29,$D$1:$AF$1,AK$2) -> 0 | AL29: =SUMIFS($D29:$AF29,$D$1:$AF$1,AL$2) -> 0 | AM29: =SUMIFS($D29:$AF29,$D$1:$AF$1,AM$2) -> 1094.895 | AN29: =SUMIFS($D29:$AF29,$D$1:$AF$1,AN$2) -> 0 | AO29: ="insert into [Business_Analytic].[prod].[temp] values ("&AG29&", "&AH29&", "&AI29&", "&AJ29&", "&AK29&", "&AL29&", "&AM29&", "&AN29&");" -> insert into [Business_Analytic].[prod].[temp] values (239, 2026, 1, 457.822, 0, 0, 1094.895, 0);
A30: 46023 | B30: 46023 | C30: 039, Київ, Горлівська 124/143 | AG30: {=INDEX(tex!C:C,MATCH(C30,tex!B:B,0),)} -> 258 | AH30: =YEAR(A30) -> 2026 | AI30: =MONTH(A30) -> 1 | AJ30: =SUMIFS($D30:$AF30,$D$1:$AF$1,AJ$2) -> 0 | AK30: =SUMIFS($D30:$AF30,$D$1:$AF$1,AK$2) -> 0 | AL30: =SUMIFS($D30:$AF30,$D$1:$AF$1,AL$2) -> 0 | AM30: =SUMIFS($D30:$AF30,$D$1:$AF$1,AM$2) -> 0 | AN30: =SUMIFS($D30:$AF30,$D$1:$AF$1,AN$2) -> 0 | AO30: ="insert into [Business_Analytic].[prod].[temp] values ("&AG30&", "&AH30&", "&AI30&", "&AJ30&", "&AK30&", "&AL30&", "&AM30&", "&AN30&");" -> insert into [Business_Analytic].[prod].[temp] values (258, 2026, 1, 0, 0, 0, 0, 0);
A31: 46023 | B31: 46023 | C31: 041, Київ, Бажана 30 | AG31: {=INDEX(tex!C:C,MATCH(C31,tex!B:B,0),)} -> 260 | AH31: =YEAR(A31) -> 2026 | AI31: =MONTH(A31) -> 1 | AJ31: =SUMIFS($D31:$AF31,$D$1:$AF$1,AJ$2) -> 0 | AK31: =SUMIFS($D31:$AF31,$D$1:$AF$1,AK$2) -> 0 | AL31: =SUMIFS($D31:$AF31,$D$1:$AF$1,AL$2) -> 0 | AM31: =SUMIFS($D31:$AF31,$D$1:$AF$1,AM$2) -> 0 | AN31: =SUMIFS($D31:$AF31,$D$1:$AF$1,AN$2) -> 0 | AO31: ="insert into [Business_Analytic].[prod].[temp] values ("&AG31&", "&AH31&", "&AI31&", "&AJ31&", "&AK31&", "&AL31&", "&AM31&", "&AN31&");" -> insert into [Business_Analytic].[prod].[temp] values (260, 2026, 1, 0, 0, 0, 0, 0);
A32: 46023 | B32: 46023 | C32: 042, Київ, Воскресенський пр-т, 44 | AF32: 1547.018 | AG32: {=INDEX(tex!C:C,MATCH(C32,tex!B:B,0),)} -> 282 | AH32: =YEAR(A32) -> 2026 | AI32: =MONTH(A32) -> 1 | AJ32: =SUMIFS($D32:$AF32,$D$1:$AF$1,AJ$2) -> 1547.018 | AK32: =SUMIFS($D32:$AF32,$D$1:$AF$1,AK$2) -> 0 | AL32: =SUMIFS($D32:$AF32,$D$1:$AF$1,AL$2) -> 0 | AM32: =SUMIFS($D32:$AF32,$D$1:$AF$1,AM$2) -> 0 | AN32: =SUMIFS($D32:$AF32,$D$1:$AF$1,AN$2) -> 0 | AO32: ="insert into [Business_Analytic].[prod].[temp] values ("&AG32&", "&AH32&", "&AI32&", "&AJ32&", "&AK32&", "&AL32&", "&AM32&", "&AN32&");" -> insert into [Business_Analytic].[prod].[temp] values (282, 2026, 1, 1547.018, 0, 0, 0, 0);
A33: 46023 | B33: 46023 | C33: 046, Бровари, Броварської сотні 12 (Рефіт) | AG33: {=INDEX(tex!C:C,MATCH(C33,tex!B:B,0),)} -> #N/A | AH33: =YEAR(A33) -> 2026 | AI33: =MONTH(A33) -> 1 | AJ33: =SUMIFS($D33:$AF33,$D$1:$AF$1,AJ$2) -> 0 | AK33: =SUMIFS($D33:$AF33,$D$1:$AF$1,AK$2) -> 0 | AL33: =SUMIFS($D33:$AF33,$D$1:$AF$1,AL$2) -> 0 | AM33: =SUMIFS($D33:$AF33,$D$1:$AF$1,AM$2) -> 0 | AN33: =SUMIFS($D33:$AF33,$D$1:$AF$1,AN$2) -> 0 | AO33: ="insert into [Business_Analytic].[prod].[temp] values ("&AG33&", "&AH33&", "&AI33&", "&AJ33&", "&AK33&", "&AL33&", "&AM33&", "&AN33&");" -> #N/A
A34: 46023 | B34: 46023 | C34: 047, Київ, Мрії 24 | H34: 685.337 | J34: 674.061 | O34: 904.908 | AB34: 624.592 | AF34: 4161.415 | AG34: {=INDEX(tex!C:C,MATCH(C34,tex!B:B,0),)} -> 298 | AH34: =YEAR(A34) -> 2026 | AI34: =MONTH(A34) -> 1 | AJ34: =SUMIFS($D34:$AF34,$D$1:$AF$1,AJ$2) -> 5690.915 | AK34: =SUMIFS($D34:$AF34,$D$1:$AF$1,AK$2) -> 685.337 | AL34: =SUMIFS($D34:$AF34,$D$1:$AF$1,AL$2) -> 0 | AM34: =SUMIFS($D34:$AF34,$D$1:$AF$1,AM$2) -> 674.061 | AN34: =SUMIFS($D34:$AF34,$D$1:$AF$1,AN$2) -> 0 | AO34: ="insert into [Business_Analytic].[prod].[temp] values ("&AG34&", "&AH34&", "&AI34&", "&AJ34&", "&AK34&", "&AL34&", "&AM34&", "&AN34&");" -> insert into [Business_Analytic].[prod].[temp] values (298, 2026, 1, 5690.915, 685.337, 0, 674.061, 0);
A35: 46023 | B35: 46023 | C35: 048, Київ, Лісовий пр. 23 | H35: 686.905 | AB35: 405.141 | AF35: 2006.78 | AG35: {=INDEX(tex!C:C,MATCH(C35,tex!B:B,0),)} -> 294 | AH35: =YEAR(A35) -> 2026 | AI35: =MONTH(A35) -> 1 | AJ35: =SUMIFS($D35:$AF35,$D$1:$AF$1,AJ$2) -> 2411.921 | AK35: =SUMIFS($D35:$AF35,$D$1:$AF$1,AK$2) -> 686.905 | AL35: =SUMIFS($D35:$AF35,$D$1:$AF$1,AL$2) -> 0 | AM35: =SUMIFS($D35:$AF35,$D$1:$AF$1,AM$2) -> 0 | AN35: =SUMIFS($D35:$AF35,$D$1:$AF$1,AN$2) -> 0 | AO35: ="insert into [Business_Analytic].[prod].[temp] values ("&AG35&", "&AH35&", "&AI35&", "&AJ35&", "&AK35&", "&AL35&", "&AM35&", "&AN35&");" -> insert into [Business_Analytic].[prod].[temp] values (294, 2026, 1, 2411.921, 686.905, 0, 0, 0);
A36: 46023 | B36: 46023 | C36: 049, Київ, Північна 46 | H36: 554.492 | J36: 1372.297 | AB36: 485.566 | AG36: {=INDEX(tex!C:C,MATCH(C36,tex!B:B,0),)} -> 310 | AH36: =YEAR(A36) -> 2026 | AI36: =MONTH(A36) -> 1 | AJ36: =SUMIFS($D36:$AF36,$D$1:$AF$1,AJ$2) -> 485.566 | AK36: =SUMIFS($D36:$AF36,$D$1:$AF$1,AK$2) -> 554.492 | AL36: =SUMIFS($D36:$AF36,$D$1:$AF$1,AL$2) -> 0 | AM36: =SUMIFS($D36:$AF36,$D$1:$AF$1,AM$2) -> 1372.297 | AN36: =SUMIFS($D36:$AF36,$D$1:$AF$1,AN$2) -> 0 | AO36: ="insert into [Business_Analytic].[prod].[temp] values ("&AG36&", "&AH36&", "&AI36&", "&AJ36&", "&AK36&", "&AL36&", "&AM36&", "&AN36&");" -> insert into [Business_Analytic].[prod].[temp] values (310, 2026, 1, 485.566, 554.492, 0, 1372.297, 0);
A37: 46023 | B37: 46023 | C37: 064, Бородянка, Центральна 343 | H37: 539.632 | J37: 765.695 | AB37: 412.175 | AF37: 991.669 | AG37: {=INDEX(tex!C:C,MATCH(C37,tex!B:B,0),)} -> 318 | AH37: =YEAR(A37) -> 2026 | AI37: =MONTH(A37) -> 1 | AJ37: =SUMIFS($D37:$AF37,$D$1:$AF$1,AJ$2) -> 1403.844 | AK37: =SUMIFS($D37:$AF37,$D$1:$AF$1,AK$2) -> 539.632 | AL37: =SUMIFS($D37:$AF37,$D$1:$AF$1,AL$2) -> 0 | AM37: =SUMIFS($D37:$AF37,$D$1:$AF$1,AM$2) -> 765.695 | AN37: =SUMIFS($D37:$AF37,$D$1:$AF$1,AN$2) -> 0 | AO37: ="insert into [Business_Analytic].[prod].[temp] values ("&AG37&", "&AH37&", "&AI37&", "&AJ37&", "&AK37&", "&AL37&", "&AM37&", "&AN37&");" -> insert into [Business_Analytic].[prod].[temp] values (318, 2026, 1, 1403.844, 539.632, 0, 765.695, 0);
A38: 46023 | B38: 46023 | C38: 065, Київ, Драйзера 24 | H38: 1354.725 | J38: 662.799 | O38: 1424.403 | AB38: 258.135 | AF38: 2269.217 | AG38: {=INDEX(tex!C:C,MATCH(C38,tex!B:B,0),)} -> 320 | AH38: =YEAR(A38) -> 2026 | AI38: =MONTH(A38) -> 1 | AJ38: =SUMIFS($D38:$AF38,$D$1:$AF$1,AJ$2) -> 3951.755 | AK38: =SUMIFS($D38:$AF38,$D$1:$AF$1,AK$2) -> 1354.725 | AL38: =SUMIFS($D38:$AF38,$D$1:$AF$1,AL$2) -> 0 | AM38: =SUMIFS($D38:$AF38,$D$1:$AF$1,AM$2) -> 662.799 | AN38: =SUMIFS($D38:$AF38,$D$1:$AF$1,AN$2) -> 0 | AO38: ="insert into [Business_Analytic].[prod].[temp] values ("&AG38&", "&AH38&", "&AI38&", "&AJ38&", "&AK38&", "&AL38&", "&AM38&", "&AN38&");" -> insert into [Business_Analytic].[prod].[temp] values (320, 2026, 1, 3951.755, 1354.725, 0, 662.799, 0);
A39: 46023 | B39: 46023 | C39: 066, Київ, Іжакевича 1/24 | H39: 274.49 | AG39: {=INDEX(tex!C:C,MATCH(C39,tex!B:B,0),)} -> 321 | AH39: =YEAR(A39) -> 2026 | AI39: =MONTH(A39) -> 1 | AJ39: =SUMIFS($D39:$AF39,$D$1:$AF$1,AJ$2) -> 0 | AK39: =SUMIFS($D39:$AF39,$D$1:$AF$1,AK$2) -> 274.49 | AL39: =SUMIFS($D39:$AF39,$D$1:$AF$1,AL$2) -> 0 | AM39: =SUMIFS($D39:$AF39,$D$1:$AF$1,AM$2) -> 0 | AN39: =SUMIFS($D39:$AF39,$D$1:$AF$1,AN$2) -> 0 | AO39: ="insert into [Business_Analytic].[prod].[temp] values ("&AG39&", "&AH39&", "&AI39&", "&AJ39&", "&AK39&", "&AL39&", "&AM39&", "&AN39&");" -> insert into [Business_Analytic].[prod].[temp] values (321, 2026, 1, 0, 274.49, 0, 0, 0);
A40: 46023 | B40: 46023 | C40: 067, Київ, Василенко 19 | AG40: {=INDEX(tex!C:C,MATCH(C40,tex!B:B,0),)} -> 323 | AH40: =YEAR(A40) -> 2026 | AI40: =MONTH(A40) -> 1 | AJ40: =SUMIFS($D40:$AF40,$D$1:$AF$1,AJ$2) -> 0 | AK40: =SUMIFS($D40:$AF40,$D$1:$AF$1,AK$2) -> 0 | AL40: =SUMIFS($D40:$AF40,$D$1:$AF$1,AL$2) -> 0 | AM40: =SUMIFS($D40:$AF40,$D$1:$AF$1,AM$2) -> 0 | AN40: =SUMIFS($D40:$AF40,$D$1:$AF$1,AN$2) -> 0 | AO40: ="insert into [Business_Analytic].[prod].[temp] values ("&AG40&", "&AH40&", "&AI40&", "&AJ40&", "&AK40&", "&AL40&", "&AM40&", "&AN40&");" -> insert into [Business_Analytic].[prod].[temp] values (323, 2026, 1, 0, 0, 0, 0, 0);
A41: 46023 | B41: 46023 | C41: 068, Київ, Білецького 11 | AG41: {=INDEX(tex!C:C,MATCH(C41,tex!B:B,0),)} -> 429 | AH41: =YEAR(A41) -> 2026 | AI41: =MONTH(A41) -> 1 | AJ41: =SUMIFS($D41:$AF41,$D$1:$AF$1,AJ$2) -> 0 | AK41: =SUMIFS($D41:$AF41,$D$1:$AF$1,AK$2) -> 0 | AL41: =SUMIFS($D41:$AF41,$D$1:$AF$1,AL$2) -> 0 | AM41: =SUMIFS($D41:$AF41,$D$1:$AF$1,AM$2) -> 0 | AN41: =SUMIFS($D41:$AF41,$D$1:$AF$1,AN$2) -> 0 | AO41: ="insert into [Business_Analytic].[prod].[temp] values ("&AG41&", "&AH41&", "&AI41&", "&AJ41&", "&AK41&", "&AL41&", "&AM41&", "&AN41&");" -> insert into [Business_Analytic].[prod].[temp] values (429, 2026, 1, 0, 0, 0, 0, 0);
A42: 46023 | B42: 46023 | C42: 070, Київ, Ялтинська 6 | AG42: {=INDEX(tex!C:C,MATCH(C42,tex!B:B,0),)} -> 367 | AH42: =YEAR(A42) -> 2026 | AI42: =MONTH(A42) -> 1 | AJ42: =SUMIFS($D42:$AF42,$D$1:$AF$1,AJ$2) -> 0 | AK42: =SUMIFS($D42:$AF42,$D$1:$AF$1,AK$2) -> 0 | AL42: =SUMIFS($D42:$AF42,$D$1:$AF$1,AL$2) -> 0 | AM42: =SUMIFS($D42:$AF42,$D$1:$AF$1,AM$2) -> 0 | AN42: =SUMIFS($D42:$AF42,$D$1:$AF$1,AN$2) -> 0 | AO42: ="insert into [Business_Analytic].[prod].[temp] values ("&AG42&", "&AH42&", "&AI42&", "&AJ42&", "&AK42&", "&AL42&", "&AM42&", "&AN42&");" -> insert into [Business_Analytic].[prod].[temp] values (367, 2026, 1, 0, 0, 0, 0, 0);
A43: 46023 | B43: 46023 | C43: 077, Київ, Кубанської України 55 | AG43: {=INDEX(tex!C:C,MATCH(C43,tex!B:B,0),)} -> 434 | AH43: =YEAR(A43) -> 2026 | AI43: =MONTH(A43) -> 1 | AJ43: =SUMIFS($D43:$AF43,$D$1:$AF$1,AJ$2) -> 0 | AK43: =SUMIFS($D43:$AF43,$D$1:$AF$1,AK$2) -> 0 | AL43: =SUMIFS($D43:$AF43,$D$1:$AF$1,AL$2) -> 0 | AM43: =SUMIFS($D43:$AF43,$D$1:$AF$1,AM$2) -> 0 | AN43: =SUMIFS($D43:$AF43,$D$1:$AF$1,AN$2) -> 0 | AO43: ="insert into [Business_Analytic].[prod].[temp] values ("&AG43&", "&AH43&", "&AI43&", "&AJ43&", "&AK43&", "&AL43&", "&AM43&", "&AN43&");" -> insert into [Business_Analytic].[prod].[temp] values (434, 2026, 1, 0, 0, 0, 0, 0);
A44: 46023 | B44: 46023 | C44: 079, Вишневе, Освіти 2 | H44: 174.576 | J44: 779.798 | AB44: 243.885 | AG44: {=INDEX(tex!C:C,MATCH(C44,tex!B:B,0),)} -> 426 | AH44: =YEAR(A44) -> 2026 | AI44: =MONTH(A44) -> 1 | AJ44: =SUMIFS($D44:$AF44,$D$1:$AF$1,AJ$2) -> 243.885 | AK44: =SUMIFS($D44:$AF44,$D$1:$AF$1,AK$2) -> 174.576 | AL44: =SUMIFS($D44:$AF44,$D$1:$AF$1,AL$2) -> 0 | AM44: =SUMIFS($D44:$AF44,$D$1:$AF$1,AM$2) -> 779.798 | AN44: =SUMIFS($D44:$AF44,$D$1:$AF$1,AN$2) -> 0 | AO44: ="insert into [Business_Analytic].[prod].[temp] values ("&AG44&", "&AH44&", "&AI44&", "&AJ44&", "&AK44&", "&AL44&", "&AM44&", "&AN44&");" -> insert into [Business_Analytic].[prod].[temp] values (426, 2026, 1, 243.885, 174.576, 0, 779.798, 0);
A45: 46023 | B45: 46023 | C45: 081, Київ, Р.Ратушного 21а | AG45: {=INDEX(tex!C:C,MATCH(C45,tex!B:B,0),)} -> 442 | AH45: =YEAR(A45) -> 2026 | AI45: =MONTH(A45) -> 1 | AJ45: =SUMIFS($D45:$AF45,$D$1:$AF$1,AJ$2) -> 0 | AK45: =SUMIFS($D45:$AF45,$D$1:$AF$1,AK$2) -> 0 | AL45: =SUMIFS($D45:$AF45,$D$1:$AF$1,AL$2) -> 0 | AM45: =SUMIFS($D45:$AF45,$D$1:$AF$1,AM$2) -> 0 | AN45: =SUMIFS($D45:$AF45,$D$1:$AF$1,AN$2) -> 0 | AO45: ="insert into [Business_Analytic].[prod].[temp] values ("&AG45&", "&AH45&", "&AI45&", "&AJ45&", "&AK45&", "&AL45&", "&AM45&", "&AN45&");" -> insert into [Business_Analytic].[prod].[temp] values (442, 2026, 1, 0, 0, 0, 0, 0);
A46: 46023 | B46: 46023 | C46: 082, Київ, Антонова 11 | H46: 192.338 | J46: 621.498 | AB46: 119.672 | AG46: {=INDEX(tex!C:C,MATCH(C46,tex!B:B,0),)} -> 440 | AH46: =YEAR(A46) -> 2026 | AI46: =MONTH(A46) -> 1 | AJ46: =SUMIFS($D46:$AF46,$D$1:$AF$1,AJ$2) -> 119.672 | AK46: =SUMIFS($D46:$AF46,$D$1:$AF$1,AK$2) -> 192.338 | AL46: =SUMIFS($D46:$AF46,$D$1:$AF$1,AL$2) -> 0 | AM46: =SUMIFS($D46:$AF46,$D$1:$AF$1,AM$2) -> 621.498 | AN46: =SUMIFS($D46:$AF46,$D$1:$AF$1,AN$2) -> 0 | AO46: ="insert into [Business_Analytic].[prod].[temp] values ("&AG46&", "&AH46&", "&AI46&", "&AJ46&", "&AK46&", "&AL46&", "&AM46&", "&AN46&");" -> insert into [Business_Analytic].[prod].[temp] values (440, 2026, 1, 119.672, 192.338, 0, 621.498, 0);
A47: 46023 | B47: 46023 | C47: 083, Київ, Соломянська 40/4 | H47: 489.455 | J47: 523.747 | AF47: 1665.481 | AG47: {=INDEX(tex!C:C,MATCH(C47,tex!B:B,0),)} -> 444 | AH47: =YEAR(A47) -> 2026 | AI47: =MONTH(A47) -> 1 | AJ47: =SUMIFS($D47:$AF47,$D$1:$AF$1,AJ$2) -> 1665.481 | AK47: =SUMIFS($D47:$AF47,$D$1:$AF$1,AK$2) -> 489.455 | AL47: =SUMIFS($D47:$AF47,$D$1:$AF$1,AL$2) -> 0 | AM47: =SUMIFS($D47:$AF47,$D$1:$AF$1,AM$2) -> 523.747 | AN47: =SUMIFS($D47:$AF47,$D$1:$AF$1,AN$2) -> 0 | AO47: ="insert into [Business_Analytic].[prod].[temp] values ("&AG47&", "&AH47&", "&AI47&", "&AJ47&", "&AK47&", "&AL47&", "&AM47&", "&AN47&");" -> insert into [Business_Analytic].[prod].[temp] values (444, 2026, 1, 1665.481, 489.455, 0, 523.747, 0);
A48: 46023 | B48: 46023 | C48: 084, Вишневе, М. Примаченко 7 | H48: 435.05 | AB48: 401.681 | AG48: {=INDEX(tex!C:C,MATCH(C48,tex!B:B,0),)} -> 446 | AH48: =YEAR(A48) -> 2026 | AI48: =MONTH(A48) -> 1 | AJ48: =SUMIFS($D48:$AF48,$D$1:$AF$1,AJ$2) -> 401.681 | AK48: =SUMIFS($D48:$AF48,$D$1:$AF$1,AK$2) -> 435.05 | AL48: =SUMIFS($D48:$AF48,$D$1:$AF$1,AL$2) -> 0 | AM48: =SUMIFS($D48:$AF48,$D$1:$AF$1,AM$2) -> 0 | AN48: =SUMIFS($D48:$AF48,$D$1:$AF$1,AN$2) -> 0 | AO48: ="insert into [Business_Analytic].[prod].[temp] values ("&AG48&", "&AH48&", "&AI48&", "&AJ48&", "&AK48&", "&AL48&", "&AM48&", "&AN48&");" -> insert into [Business_Analytic].[prod].[temp] values (446, 2026, 1, 401.681, 435.05, 0, 0, 0);
A49: 46023 | B49: 46023 | C49: 085, Київ, Василя Іваниса 15 | H49: 191.715 | J49: 991.628 | AG49: {=INDEX(tex!C:C,MATCH(C49,tex!B:B,0),)} -> 445 | AH49: =YEAR(A49) -> 2026 | AI49: =MONTH(A49) -> 1 | AJ49: =SUMIFS($D49:$AF49,$D$1:$AF$1,AJ$2) -> 0 | AK49: =SUMIFS($D49:$AF49,$D$1:$AF$1,AK$2) -> 191.715 | AL49: =SUMIFS($D49:$AF49,$D$1:$AF$1,AL$2) -> 0 | AM49: =SUMIFS($D49:$AF49,$D$1:$AF$1,AM$2) -> 991.628 | AN49: =SUMIFS($D49:$AF49,$D$1:$AF$1,AN$2) -> 0 | AO49: ="insert into [Business_Analytic].[prod].[temp] values ("&AG49&", "&AH49&", "&AI49&", "&AJ49&", "&AK49&", "&AL49&", "&AM49&", "&AN49&");" -> insert into [Business_Analytic].[prod].[temp] values (445, 2026, 1, 0, 191.715, 0, 991.628, 0);
A50: 46023 | B50: 46023 | C50: 087, Київ, Бальзака 42/20 (Рефіт) | AG50: {=INDEX(tex!C:C,MATCH(C50,tex!B:B,0),)} -> #N/A | AH50: =YEAR(A50) -> 2026 | AI50: =MONTH(A50) -> 1 | AJ50: =SUMIFS($D50:$AF50,$D$1:$AF$1,AJ$2) -> 0 | AK50: =SUMIFS($D50:$AF50,$D$1:$AF$1,AK$2) -> 0 | AL50: =SUMIFS($D50:$AF50,$D$1:$AF$1,AL$2) -> 0 | AM50: =SUMIFS($D50:$AF50,$D$1:$AF$1,AM$2) -> 0 | AN50: =SUMIFS($D50:$AF50,$D$1:$AF$1,AN$2) -> 0 | AO50: ="insert into [Business_Analytic].[prod].[temp] values ("&AG50&", "&AH50&", "&AI50&", "&AJ50&", "&AK50&", "&AL50&", "&AM50&", "&AN50&");" -> #N/A
A51: 46023 | B51: 46023 | C51: 088, Київ, Татарська 3/2 | AG51: {=INDEX(tex!C:C,MATCH(C51,tex!B:B,0),)} -> 447 | AH51: =YEAR(A51) -> 2026 | AI51: =MONTH(A51) -> 1 | AJ51: =SUMIFS($D51:$AF51,$D$1:$AF$1,AJ$2) -> 0 | AK51: =SUMIFS($D51:$AF51,$D$1:$AF$1,AK$2) -> 0 | AL51: =SUMIFS($D51:$AF51,$D$1:$AF$1,AL$2) -> 0 | AM51: =SUMIFS($D51:$AF51,$D$1:$AF$1,AM$2) -> 0 | AN51: =SUMIFS($D51:$AF51,$D$1:$AF$1,AN$2) -> 0 | AO51: ="insert into [Business_Analytic].[prod].[temp] values ("&AG51&", "&AH51&", "&AI51&", "&AJ51&", "&AK51&", "&AL51&", "&AM51&", "&AN51&");" -> insert into [Business_Analytic].[prod].[temp] values (447, 2026, 1, 0, 0, 0, 0, 0);
A52: 46023 | B52: 46023 | C52: 089, Київ, пр. Відрадний 14/45 | AG52: {=INDEX(tex!C:C,MATCH(C52,tex!B:B,0),)} -> 454 | AH52: =YEAR(A52) -> 2026 | AI52: =MONTH(A52) -> 1 | AJ52: =SUMIFS($D52:$AF52,$D$1:$AF$1,AJ$2) -> 0 | AK52: =SUMIFS($D52:$AF52,$D$1:$AF$1,AK$2) -> 0 | AL52: =SUMIFS($D52:$AF52,$D$1:$AF$1,AL$2) -> 0 | AM52: =SUMIFS($D52:$AF52,$D$1:$AF$1,AM$2) -> 0 | AN52: =SUMIFS($D52:$AF52,$D$1:$AF$1,AN$2) -> 0 | AO52: ="insert into [Business_Analytic].[prod].[temp] values ("&AG52&", "&AH52&", "&AI52&", "&AJ52&", "&AK52&", "&AL52&", "&AM52&", "&AN52&");" -> insert into [Business_Analytic].[prod].[temp] values (454, 2026, 1, 0, 0, 0, 0, 0);
A53: 46023 | B53: 46023 | C53: 090, Київ, Кубанської України 47 | AG53: {=INDEX(tex!C:C,MATCH(C53,tex!B:B,0),)} -> 455 | AH53: =YEAR(A53) -> 2026 | AI53: =MONTH(A53) -> 1 | AJ53: =SUMIFS($D53:$AF53,$D$1:$AF$1,AJ$2) -> 0 | AK53: =SUMIFS($D53:$AF53,$D$1:$AF$1,AK$2) -> 0 | AL53: =SUMIFS($D53:$AF53,$D$1:$AF$1,AL$2) -> 0 | AM53: =SUMIFS($D53:$AF53,$D$1:$AF$1,AM$2) -> 0 | AN53: =SUMIFS($D53:$AF53,$D$1:$AF$1,AN$2) -> 0 | AO53: ="insert into [Business_Analytic].[prod].[temp] values ("&AG53&", "&AH53&", "&AI53&", "&AJ53&", "&AK53&", "&AL53&", "&AM53&", "&AN53&");" -> insert into [Business_Analytic].[prod].[temp] values (455, 2026, 1, 0, 0, 0, 0, 0);
A54: 46023 | B54: 46023 | C54: 091, Київ, Гавела Вацлава бул 29 | H54: 561.739 | J54: 681.467 | AF54: 2162.279 | AG54: {=INDEX(tex!C:C,MATCH(C54,tex!B:B,0),)} -> 462 | AH54: =YEAR(A54) -> 2026 | AI54: =MONTH(A54) -> 1 | AJ54: =SUMIFS($D54:$AF54,$D$1:$AF$1,AJ$2) -> 2162.279 | AK54: =SUMIFS($D54:$AF54,$D$1:$AF$1,AK$2) -> 561.739 | AL54: =SUMIFS($D54:$AF54,$D$1:$AF$1,AL$2) -> 0 | AM54: =SUMIFS($D54:$AF54,$D$1:$AF$1,AM$2) -> 681.467 | AN54: =SUMIFS($D54:$AF54,$D$1:$AF$1,AN$2) -> 0 | AO54: ="insert into [Business_Analytic].[prod].[temp] values ("&AG54&", "&AH54&", "&AI54&", "&AJ54&", "&AK54&", "&AL54&", "&AM54&", "&AN54&");" -> insert into [Business_Analytic].[prod].[temp] values (462, 2026, 1, 2162.279, 561.739, 0, 681.467, 0);
A55: 46023 | B55: 46023 | C55: 093, Київ, Кондратюка 2 | H55: 182.698 | J55: 1002.031 | AB55: 149.374 | AG55: {=INDEX(tex!C:C,MATCH(C55,tex!B:B,0),)} -> 468 | AH55: =YEAR(A55) -> 2026 | AI55: =MONTH(A55) -> 1 | AJ55: =SUMIFS($D55:$AF55,$D$1:$AF$1,AJ$2) -> 149.374 | AK55: =SUMIFS($D55:$AF55,$D$1:$AF$1,AK$2) -> 182.698 | AL55: =SUMIFS($D55:$AF55,$D$1:$AF$1,AL$2) -> 0 | AM55: =SUMIFS($D55:$AF55,$D$1:$AF$1,AM$2) -> 1002.031 | AN55: =SUMIFS($D55:$AF55,$D$1:$AF$1,AN$2) -> 0 | AO55: ="insert into [Business_Analytic].[prod].[temp] values ("&AG55&", "&AH55&", "&AI55&", "&AJ55&", "&AK55&", "&AL55&", "&AM55&", "&AN55&");" -> insert into [Business_Analytic].[prod].[temp] values (468, 2026, 1, 149.374, 182.698, 0, 1002.031, 0);
A56: 46023 | B56: 46023 | C56: 095, Київ, Алматинська 41 Б | AG56: {=INDEX(tex!C:C,MATCH(C56,tex!B:B,0),)} -> 478 | AH56: =YEAR(A56) -> 2026 | AI56: =MONTH(A56) -> 1 | AJ56: =SUMIFS($D56:$AF56,$D$1:$AF$1,AJ$2) -> 0 | AK56: =SUMIFS($D56:$AF56,$D$1:$AF$1,AK$2) -> 0 | AL56: =SUMIFS($D56:$AF56,$D$1:$AF$1,AL$2) -> 0 | AM56: =SUMIFS($D56:$AF56,$D$1:$AF$1,AM$2) -> 0 | AN56: =SUMIFS($D56:$AF56,$D$1:$AF$1,AN$2) -> 0 | AO56: ="insert into [Business_Analytic].[prod].[temp] values ("&AG56&", "&AH56&", "&AI56&", "&AJ56&", "&AK56&", "&AL56&", "&AM56&", "&AN56&");" -> insert into [Business_Analytic].[prod].[temp] values (478, 2026, 1, 0, 0, 0, 0, 0);
A57: 46023 | B57: 46023 | C57: 096, Ніжин, Станіслава Прощенка 12 | H57: 1054.588 | I57: 318.013 | AB57: 3.118 | AG57: {=INDEX(tex!C:C,MATCH(C57,tex!B:B,0),)} -> 479 | AH57: =YEAR(A57) -> 2026 | AI57: =MONTH(A57) -> 1 | AJ57: =SUMIFS($D57:$AF57,$D$1:$AF$1,AJ$2) -> 3.118 | AK57: =SUMIFS($D57:$AF57,$D$1:$AF$1,AK$2) -> 1372.601 | AL57: =SUMIFS($D57:$AF57,$D$1:$AF$1,AL$2) -> 0 | AM57: =SUMIFS($D57:$AF57,$D$1:$AF$1,AM$2) -> 0 | AN57: =SUMIFS($D57:$AF57,$D$1:$AF$1,AN$2) -> 0 | AO57: ="insert into [Business_Analytic].[prod].[temp] values ("&AG57&", "&AH57&", "&AI57&", "&AJ57&", "&AK57&", "&AL57&", "&AM57&", "&AN57&");" -> insert into [Business_Analytic].[prod].[temp] values (479, 2026, 1, 3.118, 1372.601, 0, 0, 0);
A58: 46023 | B58: 46023 | C58: 100, Борзна, Шевченка 16 | H58: 416.651 | J58: 605.382 | O58: 888.912 | AB58: 330.566 | AF58: 1304.942 | AG58: {=INDEX(tex!C:C,MATCH(C58,tex!B:B,0),)} -> 488 | AH58: =YEAR(A58) -> 2026 | AI58: =MONTH(A58) -> 1 | AJ58: =SUMIFS($D58:$AF58,$D$1:$AF$1,AJ$2) -> 2524.42 | AK58: =SUMIFS($D58:$AF58,$D$1:$AF$1,AK$2) -> 416.651 | AL58: =SUMIFS($D58:$AF58,$D$1:$AF$1,AL$2) -> 0 | AM58: =SUMIFS($D58:$AF58,$D$1:$AF$1,AM$2) -> 605.382 | AN58: =SUMIFS($D58:$AF58,$D$1:$AF$1,AN$2) -> 0 | AO58: ="insert into [Business_Analytic].[prod].[temp] values ("&AG58&", "&AH58&", "&AI58&", "&AJ58&", "&AK58&", "&AL58&", "&AM58&", "&AN58&");" -> insert into [Business_Analytic].[prod].[temp] values (488, 2026, 1, 2524.42, 416.651, 0, 605.382, 0);
A59: 46023 | B59: 46023 | C59: 101, Кагарлик, пл. Торгівельна 6 | J59: 1216.759 | O59: 1218.638 | AB59: 552.254 | AC59: 491.7 | AF59: 3964.34 | AG59: {=INDEX(tex!C:C,MATCH(C59,tex!B:B,0),)} -> 496 | AH59: =YEAR(A59) -> 2026 | AI59: =MONTH(A59) -> 1 | AJ59: =SUMIFS($D59:$AF59,$D$1:$AF$1,AJ$2) -> 5735.232 | AK59: =SUMIFS($D59:$AF59,$D$1:$AF$1,AK$2) -> 491.7 | AL59: =SUMIFS($D59:$AF59,$D$1:$AF$1,AL$2) -> 0 | AM59: =SUMIFS($D59:$AF59,$D$1:$AF$1,AM$2) -> 1216.759 | AN59: =SUMIFS($D59:$AF59,$D$1:$AF$1,AN$2) -> 0 | AO59: ="insert into [Business_Analytic].[prod].[temp] values ("&AG59&", "&AH59&", "&AI59&", "&AJ59&", "&AK59&", "&AL59&", "&AM59&", "&AN59&");" -> insert into [Business_Analytic].[prod].[temp] values (496, 2026, 1, 5735.232, 491.7, 0, 1216.759, 0);
A60: 46023 | B60: 46023 | C60: 102, Конотоп, Лазаревського 12 | H60: 740.49 | J60: 1040.213 | O60: 1610.953 | P60: 1461.113 | AB60: 294.332 | AF60: 7107.613 | AG60: {=INDEX(tex!C:C,MATCH(C60,tex!B:B,0),)} -> 491 | AH60: =YEAR(A60) -> 2026 | AI60: =MONTH(A60) -> 1 | AJ60: =SUMIFS($D60:$AF60,$D$1:$AF$1,AJ$2) -> 10474.011 | AK60: =SUMIFS($D60:$AF60,$D$1:$AF$1,AK$2) -> 740.49 | AL60: =SUMIFS($D60:$AF60,$D$1:$AF$1,AL$2) -> 0 | AM60: =SUMIFS($D60:$AF60,$D$1:$AF$1,AM$2) -> 1040.213 | AN60: =SUMIFS($D60:$AF60,$D$1:$AF$1,AN$2) -> 0 | AO60: ="insert into [Business_Analytic].[prod].[temp] values ("&AG60&", "&AH60&", "&AI60&", "&AJ60&", "&AK60&", "&AL60&", "&AM60&", "&AN60&");" -> insert into [Business_Analytic].[prod].[temp] values (491, 2026, 1, 10474.011, 740.49, 0, 1040.213, 0);
A61: 46023 | B61: 46023 | C61: 103, Немішаєве, Заводська 49А | H61: 331.054 | J61: 605.695 | AF61: 2586.686 | AG61: {=INDEX(tex!C:C,MATCH(C61,tex!B:B,0),)} -> 493 | AH61: =YEAR(A61) -> 2026 | AI61: =MONTH(A61) -> 1 | AJ61: =SUMIFS($D61:$AF61,$D$1:$AF$1,AJ$2) -> 2586.686 | AK61: =SUMIFS($D61:$AF61,$D$1:$AF$1,AK$2) -> 331.054 | AL61: =SUMIFS($D61:$AF61,$D$1:$AF$1,AL$2) -> 0 | AM61: =SUMIFS($D61:$AF61,$D$1:$AF$1,AM$2) -> 605.695 | AN61: =SUMIFS($D61:$AF61,$D$1:$AF$1,AN$2) -> 0 | AO61: ="insert into [Business_Analytic].[prod].[temp] values ("&AG61&", "&AH61&", "&AI61&", "&AJ61&", "&AK61&", "&AL61&", "&AM61&", "&AN61&");" -> insert into [Business_Analytic].[prod].[temp] values (493, 2026, 1, 2586.686, 331.054, 0, 605.695, 0);
A62: 46023 | B62: 46023 | C62: 105, Київ, М.Руденка бул 7 Б | H62: 445.185 | J62: 989.102 | AB62: 447.558 | AG62: {=INDEX(tex!C:C,MATCH(C62,tex!B:B,0),)} -> 508 | AH62: =YEAR(A62) -> 2026 | AI62: =MONTH(A62) -> 1 | AJ62: =SUMIFS($D62:$AF62,$D$1:$AF$1,AJ$2) -> 447.558 | AK62: =SUMIFS($D62:$AF62,$D$1:$AF$1,AK$2) -> 445.185 | AL62: =SUMIFS($D62:$AF62,$D$1:$AF$1,AL$2) -> 0 | AM62: =SUMIFS($D62:$AF62,$D$1:$AF$1,AM$2) -> 989.102 | AN62: =SUMIFS($D62:$AF62,$D$1:$AF$1,AN$2) -> 0 | AO62: ="insert into [Business_Analytic].[prod].[temp] values ("&AG62&", "&AH62&", "&AI62&", "&AJ62&", "&AK62&", "&AL62&", "&AM62&", "&AN62&");" -> insert into [Business_Analytic].[prod].[temp] values (508, 2026, 1, 447.558, 445.185, 0, 989.102, 0);
A63: 46023 | B63: 46023 | C63: 106, Київ, Заболотного 48А (Рефіт) | AG63: {=INDEX(tex!C:C,MATCH(C63,tex!B:B,0),)} -> #N/A | AH63: =YEAR(A63) -> 2026 | AI63: =MONTH(A63) -> 1 | AJ63: =SUMIFS($D63:$AF63,$D$1:$AF$1,AJ$2) -> 0 | AK63: =SUMIFS($D63:$AF63,$D$1:$AF$1,AK$2) -> 0 | AL63: =SUMIFS($D63:$AF63,$D$1:$AF$1,AL$2) -> 0 | AM63: =SUMIFS($D63:$AF63,$D$1:$AF$1,AM$2) -> 0 | AN63: =SUMIFS($D63:$AF63,$D$1:$AF$1,AN$2) -> 0 | AO63: ="insert into [Business_Analytic].[prod].[temp] values ("&AG63&", "&AH63&", "&AI63&", "&AJ63&", "&AK63&", "&AL63&", "&AM63&", "&AN63&");" -> #N/A
A64: 46023 | B64: 46023 | C64: 108, Бориспіль, Київський шлях 100 | H64: 300.589 | J64: 872.255 | AB64: 307.721 | AE64: 3391.123 | AG64: {=INDEX(tex!C:C,MATCH(C64,tex!B:B,0),)} -> 549 | AH64: =YEAR(A64) -> 2026 | AI64: =MONTH(A64) -> 1 | AJ64: =SUMIFS($D64:$AF64,$D$1:$AF$1,AJ$2) -> 307.721 | AK64: =SUMIFS($D64:$AF64,$D$1:$AF$1,AK$2) -> 300.589 | AL64: =SUMIFS($D64:$AF64,$D$1:$AF$1,AL$2) -> 0 | AM64: =SUMIFS($D64:$AF64,$D$1:$AF$1,AM$2) -> 872.255 | AN64: =SUMIFS($D64:$AF64,$D$1:$AF$1,AN$2) -> 3391.123 | AO64: ="insert into [Business_Analytic].[prod].[temp] values ("&AG64&", "&AH64&", "&AI64&", "&AJ64&", "&AK64&", "&AL64&", "&AM64&", "&AN64&");" -> insert into [Business_Analytic].[prod].[temp] values (549, 2026, 1, 307.721, 300.589, 0, 872.255, 3391.123);
A65: 46023 | B65: 46023 | C65: 109, Київ, Ак. Доброхотова 11А | AG65: {=INDEX(tex!C:C,MATCH(C65,tex!B:B,0),)} -> 555 | AH65: =YEAR(A65) -> 2026 | AI65: =MONTH(A65) -> 1 | AJ65: =SUMIFS($D65:$AF65,$D$1:$AF$1,AJ$2) -> 0 | AK65: =SUMIFS($D65:$AF65,$D$1:$AF$1,AK$2) -> 0 | AL65: =SUMIFS($D65:$AF65,$D$1:$AF$1,AL$2) -> 0 | AM65: =SUMIFS($D65:$AF65,$D$1:$AF$1,AM$2) -> 0 | AN65: =SUMIFS($D65:$AF65,$D$1:$AF$1,AN$2) -> 0 | AO65: ="insert into [Business_Analytic].[prod].[temp] values ("&AG65&", "&AH65&", "&AI65&", "&AJ65&", "&AK65&", "&AL65&", "&AM65&", "&AN65&");" -> insert into [Business_Analytic].[prod].[temp] values (555, 2026, 1, 0, 0, 0, 0, 0);
A66: 46023 | B66: 46023 | C66: 110, Бердичів, Вінницька 18 | O66: 1398.469 | AB66: 232.137 | AF66: 2317.133 | AG66: {=INDEX(tex!C:C,MATCH(C66,tex!B:B,0),)} -> 565 | AH66: =YEAR(A66) -> 2026 | AI66: =MONTH(A66) -> 1 | AJ66: =SUMIFS($D66:$AF66,$D$1:$AF$1,AJ$2) -> 3947.739 | AK66: =SUMIFS($D66:$AF66,$D$1:$AF$1,AK$2) -> 0 | AL66: =SUMIFS($D66:$AF66,$D$1:$AF$1,AL$2) -> 0 | AM66: =SUMIFS($D66:$AF66,$D$1:$AF$1,AM$2) -> 0 | AN66: =SUMIFS($D66:$AF66,$D$1:$AF$1,AN$2) -> 0 | AO66: ="insert into [Business_Analytic].[prod].[temp] values ("&AG66&", "&AH66&", "&AI66&", "&AJ66&", "&AK66&", "&AL66&", "&AM66&", "&AN66&");" -> insert into [Business_Analytic].[prod].[temp] values (565, 2026, 1, 3947.739, 0, 0, 0, 0);
A67: 46023 | B67: 46023 | C67: 111, Рокитне, Першотравнева 11 | J67: 1078.602 | AB67: 466.838 | AG67: {=INDEX(tex!C:C,MATCH(C67,tex!B:B,0),)} -> 566 | AH67: =YEAR(A67) -> 2026 | AI67: =MONTH(A67) -> 1 | AJ67: =SUMIFS($D67:$AF67,$D$1:$AF$1,AJ$2) -> 466.838 | AK67: =SUMIFS($D67:$AF67,$D$1:$AF$1,AK$2) -> 0 | AL67: =SUMIFS($D67:$AF67,$D$1:$AF$1,AL$2) -> 0 | AM67: =SUMIFS($D67:$AF67,$D$1:$AF$1,AM$2) -> 1078.602 | AN67: =SUMIFS($D67:$AF67,$D$1:$AF$1,AN$2) -> 0 | AO67: ="insert into [Business_Analytic].[prod].[temp] values ("&AG67&", "&AH67&", "&AI67&", "&AJ67&", "&AK67&", "&AL67&", "&AM67&", "&AN67&");" -> insert into [Business_Analytic].[prod].[temp] values (566, 2026, 1, 466.838, 0, 0, 1078.602, 0);
A68: 46023 | B68: 46023 | C68: 114, Українка, Юності 3 | D68: 30.458 | H68: 412.768 | AB68: 317.38 | AF68: 2026.733 | AG68: {=INDEX(tex!C:C,MATCH(C68,tex!B:B,0),)} -> 563 | AH68: =YEAR(A68) -> 2026 | AI68: =MONTH(A68) -> 1 | AJ68: =SUMIFS($D68:$AF68,$D$1:$AF$1,AJ$2) -> 2344.113 | AK68: =SUMIFS($D68:$AF68,$D$1:$AF$1,AK$2) -> 443.226 | AL68: =SUMIFS($D68:$AF68,$D$1:$AF$1,AL$2) -> 0 | AM68: =SUMIFS($D68:$AF68,$D$1:$AF$1,AM$2) -> 0 | AN68: =SUMIFS($D68:$AF68,$D$1:$AF$1,AN$2) -> 0 | AO68: ="insert into [Business_Analytic].[prod].[temp] values ("&AG68&", "&AH68&", "&AI68&", "&AJ68&", "&AK68&", "&AL68&", "&AM68&", "&AN68&");" -> insert into [Business_Analytic].[prod].[temp] values (563, 2026, 1, 2344.113, 443.226, 0, 0, 0);
A69: 46023 | B69: 46023 | C69: 115, Київ, М.Руденка бул 24 | AG69: {=INDEX(tex!C:C,MATCH(C69,tex!B:B,0),)} -> 599 | AH69: =YEAR(A69) -> 2026 | AI69: =MONTH(A69) -> 1 | AJ69: =SUMIFS($D69:$AF69,$D$1:$AF$1,AJ$2) -> 0 | AK69: =SUMIFS($D69:$AF69,$D$1:$AF$1,AK$2) -> 0 | AL69: =SUMIFS($D69:$AF69,$D$1:$AF$1,AL$2) -> 0 | AM69: =SUMIFS($D69:$AF69,$D$1:$AF$1,AM$2) -> 0 | AN69: =SUMIFS($D69:$AF69,$D$1:$AF$1,AN$2) -> 0 | AO69: ="insert into [Business_Analytic].[prod].[temp] values ("&AG69&", "&AH69&", "&AI69&", "&AJ69&", "&AK69&", "&AL69&", "&AM69&", "&AN69&");" -> insert into [Business_Analytic].[prod].[temp] values (599, 2026, 1, 0, 0, 0, 0, 0);
A70: 46023 | B70: 46023 | C70: 116, Київ, пр. Правди 94 | J70: 1141.339 | AG70: {=INDEX(tex!C:C,MATCH(C70,tex!B:B,0),)} -> 597 | AH70: =YEAR(A70) -> 2026 | AI70: =MONTH(A70) -> 1 | AJ70: =SUMIFS($D70:$AF70,$D$1:$AF$1,AJ$2) -> 0 | AK70: =SUMIFS($D70:$AF70,$D$1:$AF$1,AK$2) -> 0 | AL70: =SUMIFS($D70:$AF70,$D$1:$AF$1,AL$2) -> 0 | AM70: =SUMIFS($D70:$AF70,$D$1:$AF$1,AM$2) -> 1141.339 | AN70: =SUMIFS($D70:$AF70,$D$1:$AF$1,AN$2) -> 0 | AO70: ="insert into [Business_Analytic].[prod].[temp] values ("&AG70&", "&AH70&", "&AI70&", "&AJ70&", "&AK70&", "&AL70&", "&AM70&", "&AN70&");" -> insert into [Business_Analytic].[prod].[temp] values (597, 2026, 1, 0, 0, 0, 1141.339, 0);
A71: 46023 | B71: 46023 | C71: 117, Київ, Новомостицька 2 | H71: 303.576 | J71: 989.237 | AB71: 366.601 | AG71: {=INDEX(tex!C:C,MATCH(C71,tex!B:B,0),)} -> 600 | AH71: =YEAR(A71) -> 2026 | AI71: =MONTH(A71) -> 1 | AJ71: =SUMIFS($D71:$AF71,$D$1:$AF$1,AJ$2) -> 366.601 | AK71: =SUMIFS($D71:$AF71,$D$1:$AF$1,AK$2) -> 303.576 | AL71: =SUMIFS($D71:$AF71,$D$1:$AF$1,AL$2) -> 0 | AM71: =SUMIFS($D71:$AF71,$D$1:$AF$1,AM$2) -> 989.237 | AN71: =SUMIFS($D71:$AF71,$D$1:$AF$1,AN$2) -> 0 | AO71: ="insert into [Business_Analytic].[prod].[temp] values ("&AG71&", "&AH71&", "&AI71&", "&AJ71&", "&AK71&", "&AL71&", "&AM71&", "&AN71&");" -> insert into [Business_Analytic].[prod].[temp] values (600, 2026, 1, 366.601, 303.576, 0, 989.237, 0);
A72: 46023 | B72: 46023 | C72: 118, Київ, Березняківська 36А | H72: 417.307 | J72: 355.001 | AB72: 227.129 | AF72: 2016.558 | AG72: {=INDEX(tex!C:C,MATCH(C72,tex!B:B,0),)} -> 598 | AH72: =YEAR(A72) -> 2026 | AI72: =MONTH(A72) -> 1 | AJ72: =SUMIFS($D72:$AF72,$D$1:$AF$1,AJ$2) -> 2243.687 | AK72: =SUMIFS($D72:$AF72,$D$1:$AF$1,AK$2) -> 417.307 | AL72: =SUMIFS($D72:$AF72,$D$1:$AF$1,AL$2) -> 0 | AM72: =SUMIFS($D72:$AF72,$D$1:$AF$1,AM$2) -> 355.001 | AN72: =SUMIFS($D72:$AF72,$D$1:$AF$1,AN$2) -> 0 | AO72: ="insert into [Business_Analytic].[prod].[temp] values ("&AG72&", "&AH72&", "&AI72&", "&AJ72&", "&AK72&", "&AL72&", "&AM72&", "&AN72&");" -> insert into [Business_Analytic].[prod].[temp] values (598, 2026, 1, 2243.687, 417.307, 0, 355.001, 0);
A73: 46023 | B73: 46023 | C73: 119, Київ, Харківське шосе 8 | H73: 395.53 | J73: 645.029 | AB73: 335.267 | AF73: 2324.432 | AG73: {=INDEX(tex!C:C,MATCH(C73,tex!B:B,0),)} -> 596 | AH73: =YEAR(A73) -> 2026 | AI73: =MONTH(A73) -> 1 | AJ73: =SUMIFS($D73:$AF73,$D$1:$AF$1,AJ$2) -> 2659.699 | AK73: =SUMIFS($D73:$AF73,$D$1:$AF$1,AK$2) -> 395.53 | AL73: =SUMIFS($D73:$AF73,$D$1:$AF$1,AL$2) -> 0 | AM73: =SUMIFS($D73:$AF73,$D$1:$AF$1,AM$2) -> 645.029 | AN73: =SUMIFS($D73:$AF73,$D$1:$AF$1,AN$2) -> 0 | AO73: ="insert into [Business_Analytic].[prod].[temp] values ("&AG73&", "&AH73&", "&AI73&", "&AJ73&", "&AK73&", "&AL73&", "&AM73&", "&AN73&");" -> insert into [Business_Analytic].[prod].[temp] values (596, 2026, 1, 2659.699, 395.53, 0, 645.029, 0);
A74: 46023 | B74: 46023 | C74: 120, Київ, Берлінського 14 | AG74: {=INDEX(tex!C:C,MATCH(C74,tex!B:B,0),)} -> 608 | AH74: =YEAR(A74) -> 2026 | AI74: =MONTH(A74) -> 1 | AJ74: =SUMIFS($D74:$AF74,$D$1:$AF$1,AJ$2) -> 0 | AK74: =SUMIFS($D74:$AF74,$D$1:$AF$1,AK$2) -> 0 | AL74: =SUMIFS($D74:$AF74,$D$1:$AF$1,AL$2) -> 0 | AM74: =SUMIFS($D74:$AF74,$D$1:$AF$1,AM$2) -> 0 | AN74: =SUMIFS($D74:$AF74,$D$1:$AF$1,AN$2) -> 0 | AO74: ="insert into [Business_Analytic].[prod].[temp] values ("&AG74&", "&AH74&", "&AI74&", "&AJ74&", "&AK74&", "&AL74&", "&AM74&", "&AN74&");" -> insert into [Business_Analytic].[prod].[temp] values (608, 2026, 1, 0, 0, 0, 0, 0);
A75: 46023 | B75: 46023 | C75: 121, Київ, пр. Глушкова 31А | AG75: {=INDEX(tex!C:C,MATCH(C75,tex!B:B,0),)} -> 609 | AH75: =YEAR(A75) -> 2026 | AI75: =MONTH(A75) -> 1 | AJ75: =SUMIFS($D75:$AF75,$D$1:$AF$1,AJ$2) -> 0 | AK75: =SUMIFS($D75:$AF75,$D$1:$AF$1,AK$2) -> 0 | AL75: =SUMIFS($D75:$AF75,$D$1:$AF$1,AL$2) -> 0 | AM75: =SUMIFS($D75:$AF75,$D$1:$AF$1,AM$2) -> 0 | AN75: =SUMIFS($D75:$AF75,$D$1:$AF$1,AN$2) -> 0 | AO75: ="insert into [Business_Analytic].[prod].[temp] values ("&AG75&", "&AH75&", "&AI75&", "&AJ75&", "&AK75&", "&AL75&", "&AM75&", "&AN75&");" -> insert into [Business_Analytic].[prod].[temp] values (609, 2026, 1, 0, 0, 0, 0, 0);
A76: 46023 | B76: 46023 | C76: 124, Вишневе, Святошинська 40 | H76: 249.59 | J76: 283.576 | O76: 1025.886 | AB76: 186.038 | AG76: {=INDEX(tex!C:C,MATCH(C76,tex!B:B,0),)} -> 611 | AH76: =YEAR(A76) -> 2026 | AI76: =MONTH(A76) -> 1 | AJ76: =SUMIFS($D76:$AF76,$D$1:$AF$1,AJ$2) -> 1211.924 | AK76: =SUMIFS($D76:$AF76,$D$1:$AF$1,AK$2) -> 249.59 | AL76: =SUMIFS($D76:$AF76,$D$1:$AF$1,AL$2) -> 0 | AM76: =SUMIFS($D76:$AF76,$D$1:$AF$1,AM$2) -> 283.576 | AN76: =SUMIFS($D76:$AF76,$D$1:$AF$1,AN$2) -> 0 | AO76: ="insert into [Business_Analytic].[prod].[temp] values ("&AG76&", "&AH76&", "&AI76&", "&AJ76&", "&AK76&", "&AL76&", "&AM76&", "&AN76&");" -> insert into [Business_Analytic].[prod].[temp] values (611, 2026, 1, 1211.924, 249.59, 0, 283.576, 0);
A77: 46023 | B77: 46023 | C77: 126, Київ, Парково-Сирецька 12 | H77: 148.79 | J77: 849.057 | AB77: 561.654 | AF77: 2748.34 | AG77: {=INDEX(tex!C:C,MATCH(C77,tex!B:B,0),)} -> 607 | AH77: =YEAR(A77) -> 2026 | AI77: =MONTH(A77) -> 1 | AJ77: =SUMIFS($D77:$AF77,$D$1:$AF$1,AJ$2) -> 3309.994 | AK77: =SUMIFS($D77:$AF77,$D$1:$AF$1,AK$2) -> 148.79 | AL77: =SUMIFS($D77:$AF77,$D$1:$AF$1,AL$2) -> 0 | AM77: =SUMIFS($D77:$AF77,$D$1:$AF$1,AM$2) -> 849.057 | AN77: =SUMIFS($D77:$AF77,$D$1:$AF$1,AN$2) -> 0 | AO77: ="insert into [Business_Analytic].[prod].[temp] values ("&AG77&", "&AH77&", "&AI77&", "&AJ77&", "&AK77&", "&AL77&", "&AM77&", "&AN77&");" -> insert into [Business_Analytic].[prod].[temp] values (607, 2026, 1, 3309.994, 148.79, 0, 849.057, 0);
A78: 46023 | B78: 46023 | C78: 127, Ніжин, Шевченка 20 | H78: 187.353 | AG78: {=INDEX(tex!C:C,MATCH(C78,tex!B:B,0),)} -> 685 | AH78: =YEAR(A78) -> 2026 | AI78: =MONTH(A78) -> 1 | AJ78: =SUMIFS($D78:$AF78,$D$1:$AF$1,AJ$2) -> 0 | AK78: =SUMIFS($D78:$AF78,$D$1:$AF$1,AK$2) -> 187.353 | AL78: =SUMIFS($D78:$AF78,$D$1:$AF$1,AL$2) -> 0 | AM78: =SUMIFS($D78:$AF78,$D$1:$AF$1,AM$2) -> 0 | AN78: =SUMIFS($D78:$AF78,$D$1:$AF$1,AN$2) -> 0 | AO78: ="insert into [Business_Analytic].[prod].[temp] values ("&AG78&", "&AH78&", "&AI78&", "&AJ78&", "&AK78&", "&AL78&", "&AM78&", "&AN78&");" -> insert into [Business_Analytic].[prod].[temp] values (685, 2026, 1, 0, 187.353, 0, 0, 0);
A79: 46023 | B79: 46023 | C79: 128, Київ, Вишгородська 44 | H79: 251.479 | J79: 934.91 | AB79: 150.529 | AG79: {=INDEX(tex!C:C,MATCH(C79,tex!B:B,0),)} -> 683 | AH79: =YEAR(A79) -> 2026 | AI79: =MONTH(A79) -> 1 | AJ79: =SUMIFS($D79:$AF79,$D$1:$AF$1,AJ$2) -> 150.529 | AK79: =SUMIFS($D79:$AF79,$D$1:$AF$1,AK$2) -> 251.479 | AL79: =SUMIFS($D79:$AF79,$D$1:$AF$1,AL$2) -> 0 | AM79: =SUMIFS($D79:$AF79,$D$1:$AF$1,AM$2) -> 934.91 | AN79: =SUMIFS($D79:$AF79,$D$1:$AF$1,AN$2) -> 0 | AO79: ="insert into [Business_Analytic].[prod].[temp] values ("&AG79&", "&AH79&", "&AI79&", "&AJ79&", "&AK79&", "&AL79&", "&AM79&", "&AN79&");" -> insert into [Business_Analytic].[prod].[temp] values (683, 2026, 1, 150.529, 251.479, 0, 934.91, 0);
A80: 46023 | B80: 46023 | C80: 130, Буча, Яблунська 203 Б | AG80: {=INDEX(tex!C:C,MATCH(C80,tex!B:B,0),)} -> 671 | AH80: =YEAR(A80) -> 2026 | AI80: =MONTH(A80) -> 1 | AJ80: =SUMIFS($D80:$AF80,$D$1:$AF$1,AJ$2) -> 0 | AK80: =SUMIFS($D80:$AF80,$D$1:$AF$1,AK$2) -> 0 | AL80: =SUMIFS($D80:$AF80,$D$1:$AF$1,AL$2) -> 0 | AM80: =SUMIFS($D80:$AF80,$D$1:$AF$1,AM$2) -> 0 | AN80: =SUMIFS($D80:$AF80,$D$1:$AF$1,AN$2) -> 0 | AO80: ="insert into [Business_Analytic].[prod].[temp] values ("&AG80&", "&AH80&", "&AI80&", "&AJ80&", "&AK80&", "&AL80&", "&AM80&", "&AN80&");" -> insert into [Business_Analytic].[prod].[temp] values (671, 2026, 1, 0, 0, 0, 0, 0);
A81: 46023 | B81: 46023 | C81: 131, Київ, Борщагівська 212 | AG81: {=INDEX(tex!C:C,MATCH(C81,tex!B:B,0),)} -> 682 | AH81: =YEAR(A81) -> 2026 | AI81: =MONTH(A81) -> 1 | AJ81: =SUMIFS($D81:$AF81,$D$1:$AF$1,AJ$2) -> 0 | AK81: =SUMIFS($D81:$AF81,$D$1:$AF$1,AK$2) -> 0 | AL81: =SUMIFS($D81:$AF81,$D$1:$AF$1,AL$2) -> 0 | AM81: =SUMIFS($D81:$AF81,$D$1:$AF$1,AM$2) -> 0 | AN81: =SUMIFS($D81:$AF81,$D$1:$AF$1,AN$2) -> 0 | AO81: ="insert into [Business_Analytic].[prod].[temp] values ("&AG81&", "&AH81&", "&AI81&", "&AJ81&", "&AK81&", "&AL81&", "&AM81&", "&AN81&");" -> insert into [Business_Analytic].[prod].[temp] values (682, 2026, 1, 0, 0, 0, 0, 0);
A82: 46023 | B82: 46023 | C82: 132, Узин, Івана Богуна 21 А | H82: 299.368 | J82: 908.086 | AB82: 385.715 | AG82: {=INDEX(tex!C:C,MATCH(C82,tex!B:B,0),)} -> 681 | AH82: =YEAR(A82) -> 2026 | AI82: =MONTH(A82) -> 1 | AJ82: =SUMIFS($D82:$AF82,$D$1:$AF$1,AJ$2) -> 385.715 | AK82: =SUMIFS($D82:$AF82,$D$1:$AF$1,AK$2) -> 299.368 | AL82: =SUMIFS($D82:$AF82,$D$1:$AF$1,AL$2) -> 0 | AM82: =SUMIFS($D82:$AF82,$D$1:$AF$1,AM$2) -> 908.086 | AN82: =SUMIFS($D82:$AF82,$D$1:$AF$1,AN$2) -> 0 | AO82: ="insert into [Business_Analytic].[prod].[temp] values ("&AG82&", "&AH82&", "&AI82&", "&AJ82&", "&AK82&", "&AL82&", "&AM82&", "&AN82&");" -> insert into [Business_Analytic].[prod].[temp] values (681, 2026, 1, 385.715, 299.368, 0, 908.086, 0);
A83: 46023 | B83: 46023 | C83: 133, Новосілки, Садова 6А | D83: 94.97 | J83: 410.374 | AB83: 3738.724 | AF83: 2962.565 | AG83: {=INDEX(tex!C:C,MATCH(C83,tex!B:B,0),)} -> 686 | AH83: =YEAR(A83) -> 2026 | AI83: =MONTH(A83) -> 1 | AJ83: =SUMIFS($D83:$AF83,$D$1:$AF$1,AJ$2) -> 6701.289 | AK83: =SUMIFS($D83:$AF83,$D$1:$AF$1,AK$2) -> 94.97 | AL83: =SUMIFS($D83:$AF83,$D$1:$AF$1,AL$2) -> 0 | AM83: =SUMIFS($D83:$AF83,$D$1:$AF$1,AM$2) -> 410.374 | AN83: =SUMIFS($D83:$AF83,$D$1:$AF$1,AN$2) -> 0 | AO83: ="insert into [Business_Analytic].[prod].[temp] values ("&AG83&", "&AH83&", "&AI83&", "&AJ83&", "&AK83&", "&AL83&", "&AM83&", "&AN83&");" -> insert into [Business_Analytic].[prod].[temp] values (686, 2026, 1, 6701.289, 94.97, 0, 410.374, 0);
A84: 46023 | B84: 46023 | C84: 134, Біла Церква, Сквирське ш. 260А | H84: 1109.162 | AB84: 226.978 | AG84: {=INDEX(tex!C:C,MATCH(C84,tex!B:B,0),)} -> 688 | AH84: =YEAR(A84) -> 2026 | AI84: =MONTH(A84) -> 1 | AJ84: =SUMIFS($D84:$AF84,$D$1:$AF$1,AJ$2) -> 226.978 | AK84: =SUMIFS($D84:$AF84,$D$1:$AF$1,AK$2) -> 1109.162 | AL84: =SUMIFS($D84:$AF84,$D$1:$AF$1,AL$2) -> 0 | AM84: =SUMIFS($D84:$AF84,$D$1:$AF$1,AM$2) -> 0 | AN84: =SUMIFS($D84:$AF84,$D$1:$AF$1,AN$2) -> 0 | AO84: ="insert into [Business_Analytic].[prod].[temp] values ("&AG84&", "&AH84&", "&AI84&", "&AJ84&", "&AK84&", "&AL84&", "&AM84&", "&AN84&");" -> insert into [Business_Analytic].[prod].[temp] values (688, 2026, 1, 226.978, 1109.162, 0, 0, 0);
A85: 46023 | B85: 46023 | C85: 134, Біла Церква, Сквирське ш. 260А (Оренда) | AG85: {=INDEX(tex!C:C,MATCH(C85,tex!B:B,0),)} -> #N/A | AH85: =YEAR(A85) -> 2026 | AI85: =MONTH(A85) -> 1 | AJ85: =SUMIFS($D85:$AF85,$D$1:$AF$1,AJ$2) -> 0 | AK85: =SUMIFS($D85:$AF85,$D$1:$AF$1,AK$2) -> 0 | AL85: =SUMIFS($D85:$AF85,$D$1:$AF$1,AL$2) -> 0 | AM85: =SUMIFS($D85:$AF85,$D$1:$AF$1,AM$2) -> 0 | AN85: =SUMIFS($D85:$AF85,$D$1:$AF$1,AN$2) -> 0 | AO85: ="insert into [Business_Analytic].[prod].[temp] values ("&AG85&", "&AH85&", "&AI85&", "&AJ85&", "&AK85&", "&AL85&", "&AM85&", "&AN85&");" -> #N/A
A86: 46023 | B86: 46023 | C86: 135, Коростень, Грушевського 34 | AG86: {=INDEX(tex!C:C,MATCH(C86,tex!B:B,0),)} -> 684 | AH86: =YEAR(A86) -> 2026 | AI86: =MONTH(A86) -> 1 | AJ86: =SUMIFS($D86:$AF86,$D$1:$AF$1,AJ$2) -> 0 | AK86: =SUMIFS($D86:$AF86,$D$1:$AF$1,AK$2) -> 0 | AL86: =SUMIFS($D86:$AF86,$D$1:$AF$1,AL$2) -> 0 | AM86: =SUMIFS($D86:$AF86,$D$1:$AF$1,AM$2) -> 0 | AN86: =SUMIFS($D86:$AF86,$D$1:$AF$1,AN$2) -> 0 | AO86: ="insert into [Business_Analytic].[prod].[temp] values ("&AG86&", "&AH86&", "&AI86&", "&AJ86&", "&AK86&", "&AL86&", "&AM86&", "&AN86&");" -> insert into [Business_Analytic].[prod].[temp] values (684, 2026, 1, 0, 0, 0, 0, 0);
A87: 46023 | B87: 46023 | C87: 136, Миронівка, Бузницького 1 | H87: 989.177 | J87: 312.81 | AB87: 563.751 | AG87: {=INDEX(tex!C:C,MATCH(C87,tex!B:B,0),)} -> 687 | AH87: =YEAR(A87) -> 2026 | AI87: =MONTH(A87) -> 1 | AJ87: =SUMIFS($D87:$AF87,$D$1:$AF$1,AJ$2) -> 563.751 | AK87: =SUMIFS($D87:$AF87,$D$1:$AF$1,AK$2) -> 989.177 | AL87: =SUMIFS($D87:$AF87,$D$1:$AF$1,AL$2) -> 0 | AM87: =SUMIFS($D87:$AF87,$D$1:$AF$1,AM$2) -> 312.81 | AN87: =SUMIFS($D87:$AF87,$D$1:$AF$1,AN$2) -> 0 | AO87: ="insert into [Business_Analytic].[prod].[temp] values ("&AG87&", "&AH87&", "&AI87&", "&AJ87&", "&AK87&", "&AL87&", "&AM87&", "&AN87&");" -> insert into [Business_Analytic].[prod].[temp] values (687, 2026, 1, 563.751, 989.177, 0, 312.81, 0);
A88: 46023 | B88: 46023 | C88: 137, Бахмач, Соборності 62 Б | H88: 728.288 | AB88: 303.183 | AG88: {=INDEX(tex!C:C,MATCH(C88,tex!B:B,0),)} -> 645 | AH88: =YEAR(A88) -> 2026 | AI88: =MONTH(A88) -> 1 | AJ88: =SUMIFS($D88:$AF88,$D$1:$AF$1,AJ$2) -> 303.183 | AK88: =SUMIFS($D88:$AF88,$D$1:$AF$1,AK$2) -> 728.288 | AL88: =SUMIFS($D88:$AF88,$D$1:$AF$1,AL$2) -> 0 | AM88: =SUMIFS($D88:$AF88,$D$1:$AF$1,AM$2) -> 0 | AN88: =SUMIFS($D88:$AF88,$D$1:$AF$1,AN$2) -> 0 | AO88: ="insert into [Business_Analytic].[prod].[temp] values ("&AG88&", "&AH88&", "&AI88&", "&AJ88&", "&AK88&", "&AL88&", "&AM88&", "&AN88&");" -> insert into [Business_Analytic].[prod].[temp] values (645, 2026, 1, 303.183, 728.288, 0, 0, 0);
A89: 46023 | B89: 46023 | C89: 142, Бердичів, Привокзальна 1А | J89: 735.351 | AB89: 357.04 | AG89: {=INDEX(tex!C:C,MATCH(C89,tex!B:B,0),)} -> 691 | AH89: =YEAR(A89) -> 2026 | AI89: =MONTH(A89) -> 1 | AJ89: =SUMIFS($D89:$AF89,$D$1:$AF$1,AJ$2) -> 357.04 | AK89: =SUMIFS($D89:$AF89,$D$1:$AF$1,AK$2) -> 0 | AL89: =SUMIFS($D89:$AF89,$D$1:$AF$1,AL$2) -> 0 | AM89: =SUMIFS($D89:$AF89,$D$1:$AF$1,AM$2) -> 735.351 | AN89: =SUMIFS($D89:$AF89,$D$1:$AF$1,AN$2) -> 0 | AO89: ="insert into [Business_Analytic].[prod].[temp] values ("&AG89&", "&AH89&", "&AI89&", "&AJ89&", "&AK89&", "&AL89&", "&AM89&", "&AN89&");" -> insert into [Business_Analytic].[prod].[temp] values (691, 2026, 1, 357.04, 0, 0, 735.351, 0);
A90: 46023 | B90: 46023 | C90: 154, Київ, Кустанайська 10 | AG90: {=INDEX(tex!C:C,MATCH(C90,tex!B:B,0),)} -> 745 | AH90: =YEAR(A90) -> 2026 | AI90: =MONTH(A90) -> 1 | AJ90: =SUMIFS($D90:$AF90,$D$1:$AF$1,AJ$2) -> 0 | AK90: =SUMIFS($D90:$AF90,$D$1:$AF$1,AK$2) -> 0 | AL90: =SUMIFS($D90:$AF90,$D$1:$AF$1,AL$2) -> 0 | AM90: =SUMIFS($D90:$AF90,$D$1:$AF$1,AM$2) -> 0 | AN90: =SUMIFS($D90:$AF90,$D$1:$AF$1,AN$2) -> 0 | AO90: ="insert into [Business_Analytic].[prod].[temp] values ("&AG90&", "&AH90&", "&AI90&", "&AJ90&", "&AK90&", "&AL90&", "&AM90&", "&AN90&");" -> insert into [Business_Analytic].[prod].[temp] values (745, 2026, 1, 0, 0, 0, 0, 0);
A91: 46023 | B91: 46023 | C91: 156, Бахмач, Ярослава Мудрого 24 | H91: 712.262 | AB91: 325.16 | AG91: {=INDEX(tex!C:C,MATCH(C91,tex!B:B,0),)} -> 744 | AH91: =YEAR(A91) -> 2026 | AI91: =MONTH(A91) -> 1 | AJ91: =SUMIFS($D91:$AF91,$D$1:$AF$1,AJ$2) -> 325.16 | AK91: =SUMIFS($D91:$AF91,$D$1:$AF$1,AK$2) -> 712.262 | AL91: =SUMIFS($D91:$AF91,$D$1:$AF$1,AL$2) -> 0 | AM91: =SUMIFS($D91:$AF91,$D$1:$AF$1,AM$2) -> 0 | AN91: =SUMIFS($D91:$AF91,$D$1:$AF$1,AN$2) -> 0 | AO91: ="insert into [Business_Analytic].[prod].[temp] values ("&AG91&", "&AH91&", "&AI91&", "&AJ91&", "&AK91&", "&AL91&", "&AM91&", "&AN91&");" -> insert into [Business_Analytic].[prod].[temp] values (744, 2026, 1, 325.16, 712.262, 0, 0, 0);
A92: 46023 | B92: 46023 | C92: 158, Київ, Ірини Бекешкіної 12 | J92: 927.684 | AG92: {=INDEX(tex!C:C,MATCH(C92,tex!B:B,0),)} -> 740 | AH92: =YEAR(A92) -> 2026 | AI92: =MONTH(A92) -> 1 | AJ92: =SUMIFS($D92:$AF92,$D$1:$AF$1,AJ$2) -> 0 | AK92: =SUMIFS($D92:$AF92,$D$1:$AF$1,AK$2) -> 0 | AL92: =SUMIFS($D92:$AF92,$D$1:$AF$1,AL$2) -> 0 | AM92: =SUMIFS($D92:$AF92,$D$1:$AF$1,AM$2) -> 927.684 | AN92: =SUMIFS($D92:$AF92,$D$1:$AF$1,AN$2) -> 0 | AO92: ="insert into [Business_Analytic].[prod].[temp] values ("&AG92&", "&AH92&", "&AI92&", "&AJ92&", "&AK92&", "&AL92&", "&AM92&", "&AN92&");" -> insert into [Business_Analytic].[prod].[temp] values (740, 2026, 1, 0, 0, 0, 927.684, 0);
A93: 46023 | B93: 46023 | C93: 159, Звягель, Київська 6 | H93: 396.058 | O93: 1226.235 | AB93: 287.155 | AF93: 2099.734 | AG93: {=INDEX(tex!C:C,MATCH(C93,tex!B:B,0),)} -> 860 | AH93: =YEAR(A93) -> 2026 | AI93: =MONTH(A93) -> 1 | AJ93: =SUMIFS($D93:$AF93,$D$1:$AF$1,AJ$2) -> 3613.124 | AK93: =SUMIFS($D93:$AF93,$D$1:$AF$1,AK$2) -> 396.058 | AL93: =SUMIFS($D93:$AF93,$D$1:$AF$1,AL$2) -> 0 | AM93: =SUMIFS($D93:$AF93,$D$1:$AF$1,AM$2) -> 0 | AN93: =SUMIFS($D93:$AF93,$D$1:$AF$1,AN$2) -> 0 | AO93: ="insert into [Business_Analytic].[prod].[temp] values ("&AG93&", "&AH93&", "&AI93&", "&AJ93&", "&AK93&", "&AL93&", "&AM93&", "&AN93&");" -> insert into [Business_Analytic].[prod].[temp] values (860, 2026, 1, 3613.124, 396.058, 0, 0, 0);
A94: 46023 | B94: 46023 | C94: 160, Звягель, Д.Герасимчука 1 | H94: 110.699 | J94: 985.594 | AB94: 350.956 | AG94: {=INDEX(tex!C:C,MATCH(C94,tex!B:B,0),)} -> 859 | AH94: =YEAR(A94) -> 2026 | AI94: =MONTH(A94) -> 1 | AJ94: =SUMIFS($D94:$AF94,$D$1:$AF$1,AJ$2) -> 350.956 | AK94: =SUMIFS($D94:$AF94,$D$1:$AF$1,AK$2) -> 110.699 | AL94: =SUMIFS($D94:$AF94,$D$1:$AF$1,AL$2) -> 0 | AM94: =SUMIFS($D94:$AF94,$D$1:$AF$1,AM$2) -> 985.594 | AN94: =SUMIFS($D94:$AF94,$D$1:$AF$1,AN$2) -> 0 | AO94: ="insert into [Business_Analytic].[prod].[temp] values ("&AG94&", "&AH94&", "&AI94&", "&AJ94&", "&AK94&", "&AL94&", "&AM94&", "&AN94&");" -> insert into [Business_Analytic].[prod].[temp] values (859, 2026, 1, 350.956, 110.699, 0, 985.594, 0);
A95: 46023 | B95: 46023 | C95: 164, Київ, Гавела Вацлава бул 83 (Рефіт) | AG95: {=INDEX(tex!C:C,MATCH(C95,tex!B:B,0),)} -> #N/A | AH95: =YEAR(A95) -> 2026 | AI95: =MONTH(A95) -> 1 | AJ95: =SUMIFS($D95:$AF95,$D$1:$AF$1,AJ$2) -> 0 | AK95: =SUMIFS($D95:$AF95,$D$1:$AF$1,AK$2) -> 0 | AL95: =SUMIFS($D95:$AF95,$D$1:$AF$1,AL$2) -> 0 | AM95: =SUMIFS($D95:$AF95,$D$1:$AF$1,AM$2) -> 0 | AN95: =SUMIFS($D95:$AF95,$D$1:$AF$1,AN$2) -> 0 | AO95: ="insert into [Business_Analytic].[prod].[temp] values ("&AG95&", "&AH95&", "&AI95&", "&AJ95&", "&AK95&", "&AL95&", "&AM95&", "&AN95&");" -> #N/A
A96: 46023 | B96: 46023 | C96: 165, Київ, Жуля Верна бул 7 | AG96: {=INDEX(tex!C:C,MATCH(C96,tex!B:B,0),)} -> 954 | AH96: =YEAR(A96) -> 2026 | AI96: =MONTH(A96) -> 1 | AJ96: =SUMIFS($D96:$AF96,$D$1:$AF$1,AJ$2) -> 0 | AK96: =SUMIFS($D96:$AF96,$D$1:$AF$1,AK$2) -> 0 | AL96: =SUMIFS($D96:$AF96,$D$1:$AF$1,AL$2) -> 0 | AM96: =SUMIFS($D96:$AF96,$D$1:$AF$1,AM$2) -> 0 | AN96: =SUMIFS($D96:$AF96,$D$1:$AF$1,AN$2) -> 0 | AO96: ="insert into [Business_Analytic].[prod].[temp] values ("&AG96&", "&AH96&", "&AI96&", "&AJ96&", "&AK96&", "&AL96&", "&AM96&", "&AN96&");" -> insert into [Business_Analytic].[prod].[temp] values (954, 2026, 1, 0, 0, 0, 0, 0);
A97: 46023 | B97: 46023 | C97: 178, Калинівка, Центральна 78а | H97: 861.367 | J97: 1374.091 | O97: 977.434 | AB97: 502.951 | AF97: 4631.041 | AG97: {=INDEX(tex!C:C,MATCH(C97,tex!B:B,0),)} -> 988 | AH97: =YEAR(A97) -> 2026 | AI97: =MONTH(A97) -> 1 | AJ97: =SUMIFS($D97:$AF97,$D$1:$AF$1,AJ$2) -> 6111.426 | AK97: =SUMIFS($D97:$AF97,$D$1:$AF$1,AK$2) -> 861.367 | AL97: =SUMIFS($D97:$AF97,$D$1:$AF$1,AL$2) -> 0 | AM97: =SUMIFS($D97:$AF97,$D$1:$AF$1,AM$2) -> 1374.091 | AN97: =SUMIFS($D97:$AF97,$D$1:$AF$1,AN$2) -> 0 | AO97: ="insert into [Business_Analytic].[prod].[temp] values ("&AG97&", "&AH97&", "&AI97&", "&AJ97&", "&AK97&", "&AL97&", "&AM97&", "&AN97&");" -> insert into [Business_Analytic].[prod].[temp] values (988, 2026, 1, 6111.426, 861.367, 0, 1374.091, 0);
A98: 46023 | B98: 46023 | C98: 179, Козелець, Соборності 53/1 | H98: 195.813 | J98: 649.542 | O98: 1533.722 | AB98: 228.572 | AF98: 2672.549 | AG98: {=INDEX(tex!C:C,MATCH(C98,tex!B:B,0),)} -> 991 | AH98: =YEAR(A98) -> 2026 | AI98: =MONTH(A98) -> 1 | AJ98: =SUMIFS($D98:$AF98,$D$1:$AF$1,AJ$2) -> 4434.843 | AK98: =SUMIFS($D98:$AF98,$D$1:$AF$1,AK$2) -> 195.813 | AL98: =SUMIFS($D98:$AF98,$D$1:$AF$1,AL$2) -> 0 | AM98: =SUMIFS($D98:$AF98,$D$1:$AF$1,AM$2) -> 649.542 | AN98: =SUMIFS($D98:$AF98,$D$1:$AF$1,AN$2) -> 0 | AO98: ="insert into [Business_Analytic].[prod].[temp] values ("&AG98&", "&AH98&", "&AI98&", "&AJ98&", "&AK98&", "&AL98&", "&AM98&", "&AN98&");" -> insert into [Business_Analytic].[prod].[temp] values (991, 2026, 1, 4434.843, 195.813, 0, 649.542, 0);
A99: 46023 | B99: 46023 | C99: 181, Димер, Бударіна 5 | H99: 327.32 | L99: 921.765 | O99: 1344.611 | AE99: 3546.905 | AG99: {=INDEX(tex!C:C,MATCH(C99,tex!B:B,0),)} -> 999 | AH99: =YEAR(A99) -> 2026 | AI99: =MONTH(A99) -> 1 | AJ99: =SUMIFS($D99:$AF99,$D$1:$AF$1,AJ$2) -> 1344.611 | AK99: =SUMIFS($D99:$AF99,$D$1:$AF$1,AK$2) -> 1249.085 | AL99: =SUMIFS($D99:$AF99,$D$1:$AF$1,AL$2) -> 0 | AM99: =SUMIFS($D99:$AF99,$D$1:$AF$1,AM$2) -> 0 | AN99: =SUMIFS($D99:$AF99,$D$1:$AF$1,AN$2) -> 3546.905 | AO99: ="insert into [Business_Analytic].[prod].[temp] values ("&AG99&", "&AH99&", "&AI99&", "&AJ99&", "&AK99&", "&AL99&", "&AM99&", "&AN99&");" -> insert into [Business_Analytic].[prod].[temp] values (999, 2026, 1, 1344.611, 1249.085, 0, 0, 3546.905);
A100: 46023 | B100: 46023 | C100: 183, Київ, Оноре де Бальзака 94 | AF100: 1354.31 | AG100: {=INDEX(tex!C:C,MATCH(C100,tex!B:B,0),)} -> 1241 | AH100: =YEAR(A100) -> 2026 | AI100: =MONTH(A100) -> 1 | AJ100: =SUMIFS($D100:$AF100,$D$1:$AF$1,AJ$2) -> 1354.31 | AK100: =SUMIFS($D100:$AF100,$D$1:$AF$1,AK$2) -> 0 | AL100: =SUMIFS($D100:$AF100,$D$1:$AF$1,AL$2) -> 0 | AM100: =SUMIFS($D100:$AF100,$D$1:$AF$1,AM$2) -> 0 | AN100: =SUMIFS($D100:$AF100,$D$1:$AF$1,AN$2) -> 0 | AO100: ="insert into [Business_Analytic].[prod].[temp] values ("&AG100&", "&AH100&", "&AI100&", "&AJ100&", "&AK100&", "&AL100&", "&AM100&", "&AN100&");" -> insert into [Business_Analytic].[prod].[temp] values (1241, 2026, 1, 1354.31, 0, 0, 0, 0);
...

Sheet Аркуш1
A1: Дата | B1: Час | C1: Магазин | D1: Теплова вітрина1 | E1: ЩС піца
A2: 46054 | B2: 46054 | C2: 395, Попільня, Віталія Шайдюка 5А | D2: 4290094.1 | E2: 2002.512
A3: 46054 | B3: 46054 | C3: 399, Київ, пр-т Науки 58В | D3: 512.781 | E3: 4244135.5
A4: 46054 | B4: 46054 | C4: 411, Київ, Гавела Вацлава бул 4 | D4: 4294973.5 | E4: 2560.016
A10: Дата | B10: Час | C10: Магазин | D10: ПКВ | E10: ПКВ допік | F10: Піч піца1 | G10: Піч піца2 | H10: Теплова вітрина1 | I10: ЩС піца | J10: Filid | K10: year | L10: month | M10: Пиццерия | N10: Гриль | O10: Стрит-Фуд | P10: Допёк | Q10: Пекарня
A11: 46082 | B11: 46082 | C11: 102, Конотоп, Лазаревського 12 | D11: 70377.167 | E11: 1541.489 | F11: 2224 | G11: 2017.3 | H11: 342.395 | I11: 9953.749 | J11: 491 | K11: 2026 | L11: 3 | M11: 14537.444 | N11: 70377.167 | O11: 0 | P11: 1541.489 | Q11: 0
A12: 46082 | B12: 46082 | C12: 503, Теплик, Незалежності 28 | D12: 423.04 | E12: 702.579 | F12: 1364.876 | H12: 35646.717 | I12: 3543.658 | J12: 3860 | K12: 2026 | L12: 3 | M12: 40555.251 | N12: 423.04 | O12: 0 | P12: 702.579 | Q12: 0

Sheet tex
A1: 1 | B1: 001, Київ, Йорданська 20 | C1: {=INDEX(дов_філ!C:C,MATCH(A1,дов_філ!F:F,0),)} -> 47
A2: 2 | B2: 002, Київ, пр. Ак.Вернадського 16 | C2: {=INDEX(дов_філ!C:C,MATCH(A2,дов_філ!F:F,0),)} -> 48
A3: 3 | B3: 003, Київ, Шолуденка 16 | C3: {=INDEX(дов_філ!C:C,MATCH(A3,дов_філ!F:F,0),)} -> 92
A4: 5 | B4: 005, Київ, Воскресенський пр-т, 20 | C4: {=INDEX(дов_філ!C:C,MATCH(A4,дов_філ!F:F,0),)} -> 21
A5: 7 | B5: 007, Київ, Будівельників 29 | C5: {=INDEX(дов_філ!C:C,MATCH(A5,дов_філ!F:F,0),)} -> 112
A6: 8 | B6: 008, Київ, Котляревського бул 2 | C6: {=INDEX(дов_філ!C:C,MATCH(A6,дов_філ!F:F,0),)} -> 113
A7: 10 | B7: 010, Київ, Малишка 15 | C7: {=INDEX(дов_філ!C:C,MATCH(A7,дов_філ!F:F,0),)} -> 117
A8: 11 | B8: 011, Київ, Харківське шосе 9 | C8: {=INDEX(дов_філ!C:C,MATCH(A8,дов_філ!F:F,0),)} -> 118
A9: 13 | B9: 013, Київ, Л.Каденюка пр 2/35 | C9: {=INDEX(дов_філ!C:C,MATCH(A9,дов_філ!F:F,0),)} -> 123
A10: 14 | B10: 014, Київ, Миропільська 19 | C10: {=INDEX(дов_філ!C:C,MATCH(A10,дов_філ!F:F,0),)} -> 130
A11: 15 | B11: 015, Київ, Гродненська 1/35 | C11: {=INDEX(дов_філ!C:C,MATCH(A11,дов_філ!F:F,0),)} -> 131
A12: 16 | B12: 016, Київ, Алматинська 54 | C12: {=INDEX(дов_філ!C:C,MATCH(A12,дов_філ!F:F,0),)} -> 288
... A374: 535 | B374: 535, Погребище, Хмельницького 107 | C374: {=INDEX(дов_філ!C:C,MATCH(A374,дов_філ!F:F,0),)} -> 4094
A375: 538 | B375: 538, Чернігів, пр-т Миру 68 | C375: 4076
A376: 541 | B376: 541, Корюківка, Шевченка 73а | C376: 4139
A377: 506 | B377: 506, С. Борщагівка, Житня 12 | C377: 4151
A378: 509 | B378: 509, Бережани, Тернопільська 9 | C378: 3918
B379: 542, Ільїнці, Європейська 22 | C379: 4147
B380: 544, Ірпінь, Котляревського 56 | C380: 4164
B381: 545, Київ, Анатолія Солов'яненка 7 | C381: 4187
B382: 547, Київ, Чорних Запорожців 21 | C382: 4189
B383: 382, Красилівка, Європейська 1 (Оренда) | C383: 2961
B384: 462, Ірпінь, Антонова 6 | C384: 3739
B385: 528, Полонне, Л.Українки, 174 Б (Оренда) | C385: 4007
B386: 540, Київ, Столичне Шосе 1 П10 | C386: 4128
B387: 542, Іллінці, Європейська 22 | C387: 4142
B388: 548, Київ, Райдужна 67 | C388: 4190
B389: 552, Київ, Світлицького 23 | C389: 4192
B390: 421, Біла Церква, Шевченка 87 | C390: 4127
... B419: 587, Рокитне, Шевченка 9 | C419: 4354

Sheet дов_філ
A1: Магазин | B1: Магазин (укр) | C1: ID магазину | D1: SAP ID | E1: МВЗ | F1: № магазина
A3: Д КИЕВ Перова бул, 20 | B3: Д КИЇВ Перова бул, 20 | C3: 21 | D3: F005 | E3: 2021100500 | F3: 5
A4: Д КИЕВ Иорданская ул, 20 | B4: Д КИЇВ Йорданська вул, 20 | C4: 47 | D4: F001 | E4: 2021100100 | F4: 1
A5: Д КИЇВ Ак. Вернадського пр-т, 16 | B5: Д КИЇВ Ак. Вернадського пр-т, 16 | C5: 48 | D5: F002 | E5: 2021100200 | F5: 2
A6: Д КИЕВ Шолуденко ул, 16 | B6: Д КИЇВ Шолуденка вул, 16 | C6: 92 | D6: F003 | E6: 2021100300 | F6: 3
A7: Д КИЇВ Будівельників вул, 29 | B7: Д КИЇВ Будівельників вул, 29 | C7: 112 | D7: F007 | E7: 2021100700 | F7: 7
A8: Д КИЕВ Котляревського бул, 2 | B8: Д КИЇВ Котляревського бул, 2 | C8: 113 | D8: F008 | E8: 2021100800 | F8: 8
A9: Д КИЇВ Малишка вул, 15 | B9: Д КИЇВ Малишка вул, 15 | C9: 117 | D9: F010 | E9: 2021101000 | F9: 10
A10: Д КИЕВ Харьковское ш, 9 | B10: Д КИЇВ Харьківске шосе 9 | C10: 118 | D10: F011 | E10: 2021101100 | F10: 11
A11: Д КИЕВ Л.Каденюка пр, 2/35 | B11: Д КИЇВ Л.Каденюка пр, 2/35 | C11: 123 | D11: F013 | E11: 2021101300 | F11: 13
A12: Д КИЇВ Миропільська вул, 19 | B12: Д КИЇВ Миропільська, вул. 19 | C12: 130 | D12: F014 | E12: 2021101400 | F12: 14
A13: Д КИЇВ Гродненська вул, 1/35 | B13: Д КИЇВ Гродненська, вул. 1/35 | C13: 131 | D13: F015 | E13: 2021101500 | F13: 15
A14: Д КИЕВ Голосеевский пр-т, 104 | B14: Д КИЇВ Голосіївський пр-т, 104 | C14: 148 | D14: F019 | E14: 2021101900 | F14: 18
... A201: Д С.БОРЩАГОВКА Сагайдачного ул,20А | B201: Д С.БОРЩАГІВКА Сагайдачного вул,20А | C201: 2344 | D201: F369 | E201: 2021129900 | F201: 319
A202: П С.БОРЩАГОВ Сагайдачного ул,20А ВЦ | B202: П С.БОРЩАГ Сагайдачного вул,20А ВЦ | C202: 2345 | D202: P071 | E202: 20211I0412 | F202: #VALUE!
A203: Д ПОГРЕБЫ Соборная ул, 2 | B203: Д ПОГРЕБИ Соборна вул, 2 | C203: 2359 | D203: F370 | E203: 2021129600 | F203: 316
A204: Д П.БОРЩАГОВКА Львовская ул, 1 А | B204: Д П.БОРЩАГІВКА Львівська вул, 1 А | C204: 2364 | D204: F371 | E204: 2021129800 | F204: 318
A205: Д ИРПЕНЬ Университетская ул, 2Ф/3 | B205: Д ІРПІНЬ Університетська вул, 2Ф/3 | C205: 2368 | D205: F373 | E205: 2021130000 | F205: 320
A206: Д ГЛЕВАХА Грушевского ул, 42 | B206: Д ГЛЕВАХА Грушевського вул, 42 | C206: 2378 | D206: F375 | E206: 2021130200 | F206: 322
A207: Д БОРИСПОЛЬ Головатого ул, 30 | B207: Д БОРИСПІЛЬ Головатого вул, 30 | C207: 2379 | D207: F376 | E207: 2021130300 | F207: 323
A208: Д КОЦЮБИНСКОЕ Доковская ул, 14/1 | B208: Д КОЦЮБИНСЬКЕ Доківська вул, 14/1 | C208: 2392 | D208: F377 | E208: 2021130400 | F208: 324
A209: Д ВОРОНЬКОВ Вишневая ул, 18 | B209: Д ВОРОНЬКІВ Вишнева вул, 18 | C209: 2394 | D209: F379 | E209: 2021130600 | F209: 326
A210: Д КАЛИНОВКА Черниговская ул, 12 БР | B210: Д КАЛИНІВКА Чернігівська вул, 12 БР | C210: 2413 | D210: F380 | E210: 2021131200 | F210: 332
A211: Д ИРПЕНЬ Ново-Оскольская ул, 2П | B211: Д ІРПІНЬ Ново-Оскольська вул, 2П | C211: 2422 | D211: F381 | E211: 2021131300 | F211: 333
A212: Д ГАТНОЕ Институтская ул, 16 | B212: Д ГАТНЕ Інститутська вул, 16 | C212: 2472 | D212: F382 | E212: 2021130900 | F212: 329
A213: Д ЛЮТЕЖ Освободителей ул, 56А | B213: Д ЛЮТІЖ Визволителів вул, 56А | C213: 2473 | D213: F383 | E213: 2021131000 | F213: 330
A214: Д ХОТЯНОВКА Валовая ул, 2В | B214: Д ХОТЯНІВКА Валова вул, 2В | C214: 2474 | D214: F384 | E214: 2021130700 | F214: 327
... A377: Д УКРАЇНКА Соснова вул. 5А | B377: Д УКРАЇНКА Соснова вул. 5А | C377: 4070 | D377: F569 | E377: 2021108300 | F377: 480
A378: Д ПОГРЕБИЩЕ Хмельницького вул, 107 | B378: Д ПОГРЕБИЩЕ Хмельницького вул, 107 | C378: 4094 | D378: F574 | E378: 2021500800 | F378: 535 | G378: ?
A379: Д БУЧА Гмирі вул, 7-Б | B379: Д БУЧА Гмирі вул, 7-Б | C379: 4125 | D379: F576 | E379: 2021147100 | F379: 514
A380: Д КИЇВ Столичне шосе, 1 П10 | B380: Д КИЇВ Столичне шосе, 1 П10 | C380: 4128 | D380: F578 | E380: 2021148900
A381: Д КОРЮКІВКА Шевченка вул, 73-А | B381: Д КОРЮКІВКА Шевченка вул, 73-А | C381: 4139 | D381: F579 | E381: 2021301900
A382: Д КРЮКІВЩИНА Жулянська вул, 1 А | B382: Д КРЮКІВЩИНА Жулянська вул, 1 А | C382: 2680 | D382: F342 | E382: 2021127700 | F382: 294
B383: 382, Красилівка, Європейська 1 (Оренда) | C383: 2961
B384: 421, Біла Церква, Шевченка 87 | C384: 4127
B385: 513, Коростень Базарна 18в | C385: 4165
B386: 553, Бердичів, Вінницька 71 | C386: 4232
A387: Д КОЗИН Партизанська вул, 2-Д | B387: 555, Козин, Партизанська 2Д | C387: 4229 | D387: F592 | E387: 2021202800
B388: 558, Київ, Павла Вірського б-р 37 | C388: 4254
B389: 560, Київ, Тростянецька 4_2 | C389: 4259
B390: 572, Київ, Дарницький бульвар 23 | C390: 4272
B391: 355, Іванків, вул. Олега Габорака, 32 | C391: 2790
B392: 561, Іванковичі, Соборна 10-Ц | C392: 4261
B393: 564, Рокитне, вул. Вокзальна 68 | C393: 4276
B394: 574, Київ, Братів Чибінєєвих 8А | C394: 4278
B395: 543, Київ, Вирлицька 102 (Ревуцького 52) | C395: 4312

Sheet довід_обладнання
A1: Большая мясорубка
A2: М`ясорубка | G2: Пиццерия | I2: якщо є ЩС піца - берем ЩС піца, інакше беремо суму по обладнанню
A3: Мешалка | G3: Гриль
A4: Витяжка ПКВ | B4: Гриль | G4: Стрит-Фуд
A5: Гриль шаурма | B5: Стрит-Фуд | G5: Допёк
A6: Ел. плита | G6: Пекарня
A7: Модульна піч
A8: ПКВ | B8: Гриль
A9: ПКВ - Помилка
A10: ПКВ гриль | B10: Гриль
A11: ПКВ допік | B11: Допёк
A12: ПКВ копчення | B12: Гриль
A13: ПКВ піч | B13: Гриль
A14: Піч піца1 | B14: Пиццерия
A15: Піч піца2 | B15: Пиццерия
A16: Розстоєчна шафа
A17: Ротаційна піч
A18: Суші | B18: Стрит-Фуд
A19: Теплова вітрина
A20: Теплова вітрина1 | B20: Пиццерия
A21: Теплова вітрина2 | B21: Гриль
A22: ЩС пекарня | B22: Пекарня
A23: ЩС піца | B23: Пиццерия
A24: Піч піца | B24: Пиццерия
