Workbook

Sheet custom.report.sheet.name
D1: {=INDEX([1]довід_обладнання!$B:$B,MATCH(D2,[1]довід_обладнання!$A:$A,0),)} -> Гриль | E1: {=INDEX([1]довід_обладнання!$B:$B,MATCH(E2,[1]довід_обладнання!$A:$A,0),)} -> Стрит-Фуд | F1: {=INDEX([1]довід_обладнання!$B:$B,MATCH(F2,[1]довід_обладнання!$A:$A,0),)} -> 0 | G1: {=INDEX([1]довід_обладнання!$B:$B,MATCH(G2,[1]довід_обладнання!$A:$A,0),)} -> 0 | H1: {=INDEX([1]довід_обладнання!$B:$B,MATCH(H2,[1]довід_обладнання!$A:$A,0),)} -> Гриль | I1: {=INDEX([1]довід_обладнання!$B:$B,MATCH(I2,[1]довід_обладнання!$A:$A,0),)} -> Гриль | J1: {=INDEX([1]довід_обладнання!$B:$B,MATCH(J2,[1]довід_обладнання!$A:$A,0),)} -> Допёк | K1: {=INDEX([1]довід_обладнання!$B:$B,MATCH(K2,[1]довід_обладнання!$A:$A,0),)} -> Гриль | ... AF1: {=INDEX([1]довід_обладнання!$B:$B,MATCH(AF2,[1]довід_обладнання!$A:$A,0),)} -> Пиццерия
A2: Дата | B2: Час | C2: Магазин | D2: Витяжка ПКВ | E2: Гриль шаурма | F2: Ел. плита | G2: Модульна піч | H2: ПКВ | I2: ПКВ гриль | J2: ПКВ допік | K2: ПКВ копчення | L2: ПКВ піч | M2: Піч Піца1 | N2: Піч піца | O2: Піч піца1 | P2: Піч піца2 | Q2: Розстоєчна шафа | R2: Ротаційна піч | S2: Тензометрія ПКВ | T2: Тензометрія ПКВ гриль | U2: Тензометрія ПКВ допік | V2: Тензометрія ПКВ копчення | W2: Тензометрія Теплова вітрина | X2: Тензометрія Теплова вітрина1 | Y2: Тензометрія Теплова вітрина2 | Z2: Теплова вітрина | AA2: Теплова вітрина 1 | AB2: Теплова вітрина1 | AC2: Теплова вітрина2 | AD2: ЩС Піца | AE2: ЩС пекарня | AF2: ЩС піца | AG2: Filid | AH2: year | AI2: month | AJ2: Пиццерия | AK2: Гриль | AL2: Стрит-Фуд | AM2: Допёк | AN2: Пекарня
A3: Дата | B3: Час | C3: Магазин | D3: Витяжка ПКВ | E3: Гриль шаурма | F3: Ел. плита | G3: Модульна піч | H3: ПКВ | I3: ПКВ Допік | J3: ПКВ гриль | K3: ПКВ допік | L3: ПКВ копчення | M3: ПКВ піч | N3: Піч піца | O3: Піч піца1 | P3: Піч піца2 | Q3: Розстоєчна шафа | R3: Ротаційна піч | S3: Тезометрія ПКВ Допік | T3: Тензометрія ПКВ | U3: Тензометрія ПКВ гриль | V3: Тензометрія ПКВ допік | W3: Тензометрія ПКВ копчення | X3: Тензометрія Теплова вітрина1 | Y3: Тензометрія Теплова вітрина2 | Z3: Тензометрія теплова вітрина1 | AA3: Теплова вітрина1 | AB3: Теплова вітрина2 | AC3: ЩС Піца | AD3: ЩС пекарня | AE3: ЩС піца
A4: 46113 | B4: 46113 | C4: 000, Київ (МРЦ), Зрошувальна 5
A5: 46113 | B5: 46113 | C5: 000, Київ, Алішера Навої 76
A6: 46113 | B6: 46113 | C6: 000, Київ, Пластова 15
A7: 46113 | B7: 46113 | C7: 000, Київ, Стальського, 23
A8: 46113 | B8: 46113 | C8: 000, Київ, Харківське шосе 172
A9: 46113 | B9: 46113 | C9: 001, Київ, Йорданська 20 | D9: 6.405 | H9: 132.837 | K9: 801.818 | AA9: 470.318
A10: 46113 | B10: 46113 | C10: 002, Київ, пр. Ак.Вернадського 16 (Рефіт)
A11: 46113 | B11: 46113 | C11: 003, Київ, Шолуденка 16 | D11: 33.235 | AE11: 1022.502
A12: 46113 | B12: 46113 | C12: 005, Київ, Воскресенський пр-т, 20 | D12: 70.815 | H12: 725.554 | K12: 1185.057 | AA12: 483.524 | AB12: 273.258 | AE12: 3197.728
A13: 46113 | B13: 46113 | C13: 007, Київ, Будівельників 29 | H13: 830.006 | AA13: 297.376 | AE13: 2982.188
A14: 46113 | B14: 46113 | C14: 008, Київ, Котляревського бул 2
A15: 46113 | B15: 46113 | C15: 010, Київ, Малишка 15 | K15: 1423.51
A16: 46113 | B16: 46113 | C16: 011, Київ, Харківське шосе 9
A17: 46113 | B17: 46113 | C17: 013, Київ, Л.Каденюка пр 2/35 | H17: 708.427 | K17: 119.553 | AA17: 507.858
A18: 46113 | B18: 46113 | C18: 014, Київ, Миропільська 19 | H18: 173.279 | K18: 742.143 | AA18: 407.534
A19: 46113 | B19: 46113 | C19: 015, Київ, Гродненська 1/35 | K19: 648.723 | AE19: 2686.181
A20: 46113 | B20: 46113 | C20: 016, Київ, Алматинська 54 | H20: 718.832 | K20: 1030.224 | O20: 1576.935 | AA20: 734.402 | AE20: 2778.298
A21: 46113 | B21: 46113 | C21: 017, Київ, Миропільська 1
A22: 46113 | B22: 46113 | C22: 018, Київ, Голосіївський пр-т 104 | H22: 619.644 | K22: 787.892 | AA22: 585.782
A23: 46113 | B23: 46113 | C23: 019, Київ, бул. Верховної Ради 27
A24: 46113 | B24: 46113 | C24: 020, Київ, Левицького 5 | H24: 668.121 | K24: 808.876 | AA24: 359.392 | AE24: 2029.52
A25: 46113 | B25: 46113 | C25: 021, Київ, Воскресенський пр-т, 23-Б | H25: 805.925 | AA25: 0.01
A26: 46113 | B26: 46113 | C26: 022, Київ, Воскресенський пр-т 14 | K26: 1231.273
A27: 46113 | B27: 46113 | C27: 023, Київ, бул. Верховної Ради 17 | H27: 278.36 | J27: 912.599 | AA27: 244.913 | AE27: 2654.572
A28: 46113 | B28: 46113 | C28: 027, Київ, Павла Вірського б-р 6А | H28: 448.825 | K28: 659.776 | AA28: 261.593 | AE28: 1906.321
A29: 46113 | B29: 46113 | C29: 028, Київ, Голосіївський пр-т, 118 | H29: 1153.362 | K29: 511.496 | O29: 1375.753 | AA29: 262.221 | AE29: 2604.364
A30: 46113 | B30: 46113 | C30: 033, Київ, Зодчих 52 | K30: 1084.32 | AA30: 344.555
A31: 46113 | B31: 46113 | C31: 039, Київ, Горлівська 124/143
A32: 46113 | B32: 46113 | C32: 041, Київ, Бажана 30
A33: 46113 | B33: 46113 | C33: 042, Київ, Воскресенський пр-т, 44 | AE33: 1436.68
A34: 46113 | B34: 46113 | C34: 046, Бровари, Броварської сотні 12 | H34: 570.699 | K34: 790.54 | O34: 1435.341 | AE34: 3147.328
A35: 46113 | B35: 46113 | C35: 047, Київ, Мрії 24 | H35: 657.393 | K35: 555.675 | O35: 507.213 | AA35: 4.032 | AE35: 3299.475
A36: 46113 | B36: 46113 | C36: 048, Київ, Лісовий пр. 23 | H36: 649.468 | K36: 848.059 | AA36: 391.965 | AE36: 2032.044
A37: 46113 | B37: 46113 | C37: 049, Київ, Північна 46 | H37: 561.527 | K37: 1281.618 | AA37: 329.318
A38: 46113 | B38: 46113 | C38: 064, Бородянка, Центральна 343 | H38: 563.18 | K38: 726.262 | AA38: 373.269 | AE38: 2758.12
A39: 46113 | B39: 46113 | C39: 065, Київ, Драйзера 24 | H39: 606.59 | K39: 707.782 | O39: 1616.028 | AA39: 205.833 | AE39: 2526.339
A40: 46113 | B40: 46113 | C40: 066, Київ, Іжакевича 1/24 | H40: 302.132
A41: 46113 | B41: 46113 | C41: 067, Київ, Василенко 19
A42: 46113 | B42: 46113 | C42: 068, Київ, Білецького 11
A43: 46113 | B43: 46113 | C43: 070, Київ, Ялтинська 6
A44: 46113 | B44: 46113 | C44: 077, Київ, Кубанської України 55
A45: 46113 | B45: 46113 | C45: 079, Вишневе, Освіти 2 | H45: 232.369 | I45: 1008.335 | AA45: 290.713
A46: 46113 | B46: 46113 | C46: 081, Київ, Р.Ратушного 21а
A47: 46113 | B47: 46113 | C47: 082, Київ, Антонова 11 | H47: 181.341 | K47: 484.357
A48: 46113 | B48: 46113 | C48: 083, Київ, Соломянська 40/4 | H48: 506.302 | K48: 541.668 | AE48: 1779.954
A49: 46113 | B49: 46113 | C49: 084, Вишневе, М. Примаченко 7 | H49: 424.04 | K49: 931.807 | AA49: 375.743
A50: 46113 | B50: 46113 | C50: 085, Київ, Василя Іваниса 15 | H50: 226.826 | K50: 1189.507
A51: 46113 | B51: 46113 | C51: 087, Київ, Бальзака 42/20
A52: 46113 | B52: 46113 | C52: 088, Київ, Татарська 3/2
A53: 46113 | B53: 46113 | C53: 089, Київ, пр. Відрадний 14/45
A54: 46113 | B54: 46113 | C54: 090, Київ, Кубанської України 47
A55: 46113 | B55: 46113 | C55: 091, Київ, Гавела Вацлава бул 29 | H55: 649.91 | K55: 689.063 | AE55: 2116.308
A56: 46113 | B56: 46113 | C56: 093, Київ, Кондратюка 2 | H56: 202.154 | K56: 867.796 | AA56: 249.184
A57: 46113 | B57: 46113 | C57: 095, Київ, Алматинська 41 Б
A58: 46113 | B58: 46113 | C58: 096, Ніжин, Станіслава Прощенка 12 | H58: 1175.859 | J58: 410.43 | AA58: 3.115
A59: 46113 | B59: 46113 | C59: 100, Борзна, Шевченка 16 | H59: 404.823 | K59: 566.317 | O59: 888.153 | AA59: 327.114 | AE59: 1419.615
A60: 46113 | B60: 46113 | C60: 101, Кагарлик, пл. Торгівельна 6 | H60: 163.376 | K60: 1078.966 | O60: 1268.172 | AA60: 533.536 | AB60: 498.216 | AE60: 4219.072
A61: 46113 | B61: 46113 | C61: 102, Конотоп, Лазаревського 12 | H61: 760.483 | K61: 956.526 | O61: 1523.771 | P61: 1356.093 | AA61: 218.717 | AE61: 6622.68
A62: 46113 | B62: 46113 | C62: 103, Немішаєве, Заводська 49А | H62: 396.124 | K62: 736.933 | AE62: 2767.66
A63: 46113 | B63: 46113 | C63: 105, Київ, М.Руденка бул 7 Б | H63: 561.773 | K63: 947.881 | AA63: 488.415
A64: 46113 | B64: 46113 | C64: 106, Київ, Заболотного 48А
A65: 46113 | B65: 46113 | C65: 108, Бориспіль, Київський шлях 100 | H65: 296.514 | K65: 1135.339 | AA65: 279.728 | AD65: 3628.425
A66: 46113 | B66: 46113 | C66: 109, Київ, Ак. Доброхотова 11А
A67: 46113 | B67: 46113 | C67: 110, Бердичів, Вінницька 18 | O67: 1339.22 | AA67: 209.106 | AE67: 2304.964
A68: 46113 | B68: 46113 | C68: 111, Рокитне, Першотравнева 11 | K68: 960.235 | AA68: 405.984
A69: 46113 | B69: 46113 | C69: 114, Українка, Юності 3 | D69: 37.95 | H69: 440.404 | K69: 419.253 | AA69: 335.994 | AE69: 1923.498
A70: 46113 | B70: 46113 | C70: 115, Київ, М.Руденка бул 24
A71: 46113 | B71: 46113 | C71: 116, Київ, пр. Правди 94 (Рефіт)
A72: 46113 | B72: 46113 | C72: 117, Київ, Новомостицька 2 | H72: 384.612 | K72: 963.268 | AA72: 350.575
A73: 46113 | B73: 46113 | C73: 118, Київ, Березняківська 36А | H73: 499.603 | K73: 621.893 | AA73: 201.303 | AE73: 2872.339
A74: 46113 | B74: 46113 | C74: 119, Київ, Харківське шосе 8 | H74: 460.025 | K74: 675.097 | AA74: 402.151 | AE74: 2422.191
A75: 46113 | B75: 46113 | C75: 120, Київ, Берлінського 14
A76: 46113 | B76: 46113 | C76: 121, Київ, пр. Глушкова 31А (Рефіт)
A77: 46113 | B77: 46113 | C77: 124, Вишневе, Святошинська 40 | H77: 388.51 | K77: 385.569 | O77: 1485.089 | AA77: 200.872
A78: 46113 | B78: 46113 | C78: 126, Київ, Парково-Сирецька 12 | H78: 53.828 | K78: 1032.844 | AA78: 564.198 | AE78: 2952.657
A79: 46113 | B79: 46113 | C79: 127, Ніжин, Шевченка 20 | H79: 187.754
A80: 46113 | B80: 46113 | C80: 128, Київ, Вишгородська 44 | H80: 294.327 | K80: 951.596 | AA80: 163.495
A81: 46113 | B81: 46113 | C81: 130, Буча, Яблунська 203 Б
A82: 46113 | B82: 46113 | C82: 131, Київ, Борщагівська 212
A83: 46113 | B83: 46113 | C83: 132, Узин, Івана Богуна 21 А | H83: 342.403 | K83: 947.711 | AA83: 382.11
A84: 46113 | B84: 46113 | C84: 133, Новосілки, Садова 6А | D84: 104.806 | K84: 307.571 | AA84: 370.981 | AE84: 2662.18
A85: 46113 | B85: 46113 | C85: 134, Біла Церква, Сквирське ш. 260А | H85: 1149.823 | AA85: 182.481
A86: 46113 | B86: 46113 | C86: 134, Біла Церква, Сквирське ш. 260А (Оренда)
A87: 46113 | B87: 46113 | C87: 135, Коростень, Грушевського 34
A88: 46113 | B88: 46113 | C88: 136, Миронівка, Бузницького 1 | H88: 1239.349 | K88: 320.356 | AA88: 618.808
A89: 46113 | B89: 46113 | C89: 137, Бахмач, Соборності 62 Б | H89: 653.066 | AA89: 253.85
A90: 46113 | B90: 46113 | C90: 142, Бердичів, Привокзальна 1А | K90: 765.487 | AA90: 292.161
A91: 46113 | B91: 46113 | C91: 154, Київ, Кустанайська 10
A92: 46113 | B92: 46113 | C92: 156, Бахмач, Ярослава Мудрого 24 | H92: 600.205 | AA92: 312.022
A93: 46113 | B93: 46113 | C93: 158, Київ, Ірини Бекешкіної 12 | K93: 972.353
A94: 46113 | B94: 46113 | C94: 159, Звягель, Київська 6 | H94: 417.87 | O94: 1206.107 | AA94: 225.609 | AE94: 2160.024
A95: 46113 | B95: 46113 | C95: 160, Звягель, Д.Герасимчука 1 | H95: 114.192 | K95: 1069.709 | AA95: 307.857
A96: 46113 | B96: 46113 | C96: 165, Київ, Жуля Верна бул 7
A97: 46113 | B97: 46113 | C97: 178, Калинівка, Центральна 78а | H97: 925.36 | K97: 1324.272 | O97: 952.95 | AA97: 402.432 | AE97: 4461.403
A98: 46113 | B98: 46113 | C98: 179, Козелець, Соборності 53/1 | H98: 257.561 | K98: 647.04 | O98: 1636.425 | AA98: 205.634 | AE98: 2806.203
A99: 46113 | B99: 46113 | C99: 181, Димер, Бударіна 5 | H99: 318.59 | M99: 943.491 | O99: 1461.988 | AD99: 3835.154
A100: 46113 | B100: 46113 | C100: 183, Київ, Оноре де Бальзака 94 | AA100: 252.593 | AE100: 1805.199
...

Sheet Аркуш1
D1: {=INDEX([1]довід_обладнання!$B:$B,MATCH(D2,[1]довід_обладнання!$A:$A,0),)} -> Гриль | E1: {=INDEX([1]довід_обладнання!$B:$B,MATCH(E2,[1]довід_обладнання!$A:$A,0),)} -> Стрит-Фуд | F1: {=INDEX([1]довід_обладнання!$B:$B,MATCH(F2,[1]довід_обладнання!$A:$A,0),)} -> 0 | G1: {=INDEX([1]довід_обладнання!$B:$B,MATCH(G2,[1]довід_обладнання!$A:$A,0),)} -> 0 | H1: {=INDEX([1]довід_обладнання!$B:$B,MATCH(H2,[1]довід_обладнання!$A:$A,0),)} -> Гриль | I1: {=INDEX([1]довід_обладнання!$B:$B,MATCH(I2,[1]довід_обладнання!$A:$A,0),)} -> Гриль | J1: {=INDEX([1]довід_обладнання!$B:$B,MATCH(J2,[1]довід_обладнання!$A:$A,0),)} -> Допёк | K1: {=INDEX([1]довід_обладнання!$B:$B,MATCH(K2,[1]довід_обладнання!$A:$A,0),)} -> Гриль | ... AF1: {=INDEX([1]довід_обладнання!$B:$B,MATCH(AF2,[1]довід_обладнання!$A:$A,0),)} -> Пиццерия
A2: Дата | B2: Час | C2: Магазин | D2: Витяжка ПКВ | E2: Гриль шаурма | F2: Ел. плита | G2: Модульна піч | H2: ПКВ | I2: ПКВ гриль | J2: ПКВ допік | K2: ПКВ копчення | L2: ПКВ піч | M2: Піч Піца1 | N2: Піч піца | O2: Піч піца1 | P2: Піч піца2 | Q2: Розстоєчна шафа | R2: Ротаційна піч | S2: Тензометрія ПКВ | T2: Тензометрія ПКВ гриль | U2: Тензометрія ПКВ допік | V2: Тензометрія ПКВ копчення | W2: Тензометрія Теплова вітрина | X2: Тензометрія Теплова вітрина1 | Y2: Тензометрія Теплова вітрина2 | Z2: Теплова вітрина | AA2: Теплова вітрина 1 | AB2: Теплова вітрина1 | AC2: Теплова вітрина2 | AD2: ЩС Піца | AE2: ЩС пекарня | AF2: ЩС піца | AG2: Filid | AH2: year | AI2: month | AJ2: Пиццерия | AK2: Гриль | AL2: Стрит-Фуд | AM2: Допёк | AN2: Пекарня
